datetime,adj_close,close,high,low,open,volume,ticker,currency_pair
2026-02-09 00:00:00+00:00,24.21820068359375,24.21820068359375,24.222200393676758,24.17300033569336,24.208999633789062,0,EURCZK=X,EUR/CZK
2026-02-09 01:00:00+00:00,24.213899612426758,24.213899612426758,24.219200134277344,24.149999618530273,24.21820068359375,0,EURCZK=X,EUR/CZK
2026-02-09 02:00:00+00:00,24.213699340820312,24.213699340820312,24.21489906311035,24.20599937438965,24.213899612426758,0,EURCZK=X,EUR/CZK
2026-02-09 03:00:00+00:00,24.21419906616211,24.21419906616211,24.217500686645508,24.170000076293945,24.213699340820312,0,EURCZK=X,EUR/CZK
2026-02-09 04:00:00+00:00,24.216400146484375,24.216400146484375,24.216999053955078,24.20800018310547,24.21419906616211,0,EURCZK=X,EUR/CZK
2026-02-09 05:00:00+00:00,24.219999313354492,24.219999313354492,24.222000122070312,24.170000076293945,24.216400146484375,0,EURCZK=X,EUR/CZK
2026-02-09 06:00:00+00:00,24.213199615478516,24.213199615478516,24.22599983215332,24.17099952697754,24.219999313354492,0,EURCZK=X,EUR/CZK
2026-02-09 07:00:00+00:00,24.213300704956055,24.213300704956055,24.224700927734375,24.163999557495117,24.219200134277344,0,EURCZK=X,EUR/CZK
2026-02-09 08:00:00+00:00,24.20509910583496,24.20509910583496,24.214099884033203,24.159000396728516,24.213300704956055,0,EURCZK=X,EUR/CZK
2026-02-09 09:00:00+00:00,24.21109962463379,24.21109962463379,24.222000122070312,24.156999588012695,24.20439910888672,0,EURCZK=X,EUR/CZK
2026-02-09 10:00:00+00:00,24.225000381469727,24.225000381469727,24.22719955444336,24.166000366210938,24.21109962463379,0,EURCZK=X,EUR/CZK
2026-02-09 11:00:00+00:00,24.21649932861328,24.21649932861328,24.231199264526367,24.17099952697754,24.225000381469727,0,EURCZK=X,EUR/CZK
2026-02-09 12:00:00+00:00,24.216299057006836,24.216299057006836,24.221500396728516,24.16699981689453,24.21649932861328,0,EURCZK=X,EUR/CZK
2026-02-09 13:00:00+00:00,24.215200424194336,24.215200424194336,24.21929931640625,24.16699981689453,24.216299057006836,0,EURCZK=X,EUR/CZK
2026-02-09 14:00:00+00:00,24.220399856567383,24.220399856567383,24.226699829101562,24.16900062561035,24.215200424194336,0,EURCZK=X,EUR/CZK
2026-02-09 15:00:00+00:00,24.228300094604492,24.228300094604492,24.229900360107422,24.166000366210938,24.22089958190918,0,EURCZK=X,EUR/CZK
2026-02-09 16:00:00+00:00,24.234100341796875,24.234100341796875,24.236000061035156,24.180999755859375,24.228300094604492,0,EURCZK=X,EUR/CZK
2026-02-09 17:00:00+00:00,24.230899810791016,24.230899810791016,24.234500885009766,24.184999465942383,24.234100341796875,0,EURCZK=X,EUR/CZK
2026-02-09 18:00:00+00:00,24.225400924682617,24.225400924682617,24.231199264526367,24.170000076293945,24.230899810791016,0,EURCZK=X,EUR/CZK
2026-02-09 19:00:00+00:00,24.22209930419922,24.22209930419922,24.22760009765625,24.167999267578125,24.225400924682617,0,EURCZK=X,EUR/CZK
2026-02-09 20:00:00+00:00,24.16699981689453,24.16699981689453,24.22260093688965,24.16200065612793,24.222000122070312,0,EURCZK=X,EUR/CZK
2026-02-09 21:00:00+00:00,24.194000244140625,24.194000244140625,24.217100143432617,24.163999557495117,24.212099075317383,0,EURCZK=X,EUR/CZK
2026-02-09 22:00:00+00:00,24.204999923706055,24.204999923706055,24.207000732421875,24.170000076293945,24.19300079345703,0,EURCZK=X,EUR/CZK
2026-02-09 23:00:00+00:00,24.204299926757812,24.204299926757812,24.20989990234375,24.194000244140625,24.194000244140625,0,EURCZK=X,EUR/CZK
2026-02-10 00:00:00+00:00,24.21500015258789,24.21500015258789,24.21500015258789,24.170000076293945,24.20400047302246,0,EURCZK=X,EUR/CZK
2026-02-10 01:00:00+00:00,24.172000885009766,24.172000885009766,24.218799591064453,24.170000076293945,24.21500015258789,0,EURCZK=X,EUR/CZK
2026-02-10 02:00:00+00:00,24.216400146484375,24.216400146484375,24.219200134277344,24.170000076293945,24.215900421142578,0,EURCZK=X,EUR/CZK
2026-02-10 03:00:00+00:00,24.217300415039062,24.217300415039062,24.260000228881836,24.170000076293945,24.216400146484375,0,EURCZK=X,EUR/CZK
2026-02-10 04:00:00+00:00,24.22260093688965,24.22260093688965,24.224599838256836,24.17300033569336,24.218000411987305,0,EURCZK=X,EUR/CZK
2026-02-10 05:00:00+00:00,24.222400665283203,24.222400665283203,24.224199295043945,24.211000442504883,24.22260093688965,0,EURCZK=X,EUR/CZK
2026-02-10 06:00:00+00:00,24.214399337768555,24.214399337768555,24.22410011291504,24.170000076293945,24.222400665283203,0,EURCZK=X,EUR/CZK
2026-02-10 07:00:00+00:00,24.223800659179688,24.223800659179688,24.22800064086914,24.17099952697754,24.21929931640625,0,EURCZK=X,EUR/CZK
2026-02-10 08:00:00+00:00,24.233800888061523,24.233800888061523,24.236299514770508,24.174999237060547,24.223800659179688,0,EURCZK=X,EUR/CZK
2026-02-10 09:00:00+00:00,24.24530029296875,24.24530029296875,24.250999450683594,24.18600082397461,24.233800888061523,0,EURCZK=X,EUR/CZK
2026-02-10 10:00:00+00:00,24.242700576782227,24.242700576782227,24.24920082092285,24.19300079345703,24.24530029296875,0,EURCZK=X,EUR/CZK
2026-02-10 11:00:00+00:00,24.242300033569336,24.242300033569336,24.25200080871582,24.191999435424805,24.24209976196289,0,EURCZK=X,EUR/CZK
2026-02-10 12:00:00+00:00,24.24799919128418,24.24799919128418,24.250999450683594,24.187999725341797,24.242300033569336,0,EURCZK=X,EUR/CZK
2026-02-10 13:00:00+00:00,24.252300262451172,24.252300262451172,24.256000518798828,24.190000534057617,24.24799919128418,0,EURCZK=X,EUR/CZK
2026-02-10 14:00:00+00:00,24.236799240112305,24.236799240112305,24.253000259399414,24.183000564575195,24.252300262451172,0,EURCZK=X,EUR/CZK
2026-02-10 15:00:00+00:00,24.256500244140625,24.256500244140625,24.256999969482422,24.18400001525879,24.236799240112305,0,EURCZK=X,EUR/CZK
2026-02-10 16:00:00+00:00,24.250499725341797,24.250499725341797,24.260099411010742,24.20599937438965,24.256500244140625,0,EURCZK=X,EUR/CZK
2026-02-10 17:00:00+00:00,24.250200271606445,24.250200271606445,24.252399444580078,24.204999923706055,24.250099182128906,0,EURCZK=X,EUR/CZK
2026-02-10 18:00:00+00:00,24.249000549316406,24.249000549316406,24.252599716186523,24.20599937438965,24.250200271606445,0,EURCZK=X,EUR/CZK
2026-02-10 19:00:00+00:00,24.24370002746582,24.24370002746582,24.249500274658203,24.20199966430664,24.248899459838867,0,EURCZK=X,EUR/CZK
2026-02-10 20:00:00+00:00,24.241300582885742,24.241300582885742,24.24530029296875,24.197999954223633,24.24370002746582,0,EURCZK=X,EUR/CZK
2026-02-10 21:00:00+00:00,24.236000061035156,24.236000061035156,24.242900848388672,24.197999954223633,24.241199493408203,0,EURCZK=X,EUR/CZK
2026-02-10 22:00:00+00:00,24.225500106811523,24.225500106811523,24.239999771118164,24.201000213623047,24.204999923706055,0,EURCZK=X,EUR/CZK
2026-02-10 23:00:00+00:00,24.23740005493164,24.23740005493164,24.24220085144043,24.223899841308594,24.225900650024414,0,EURCZK=X,EUR/CZK
2026-02-11 00:00:00+00:00,24.2406005859375,24.2406005859375,24.242799758911133,24.201000213623047,24.236900329589844,0,EURCZK=X,EUR/CZK
2026-02-11 01:00:00+00:00,24.24370002746582,24.24370002746582,24.244800567626953,24.201000213623047,24.2406005859375,0,EURCZK=X,EUR/CZK
2026-02-11 02:00:00+00:00,24.23889923095703,24.23889923095703,24.245100021362305,24.20199966430664,24.24370002746582,0,EURCZK=X,EUR/CZK
2026-02-11 03:00:00+00:00,24.242700576782227,24.242700576782227,24.24449920654297,24.235000610351562,24.23889923095703,0,EURCZK=X,EUR/CZK
2026-02-11 04:00:00+00:00,24.242300033569336,24.242300033569336,24.243999481201172,24.198999404907227,24.242700576782227,0,EURCZK=X,EUR/CZK
2026-02-11 05:00:00+00:00,24.24180030822754,24.24180030822754,24.243000030517578,24.198999404907227,24.242300033569336,0,EURCZK=X,EUR/CZK
2026-02-11 06:00:00+00:00,24.2362003326416,24.2362003326416,24.24180030822754,24.195999145507812,24.24180030822754,0,EURCZK=X,EUR/CZK
2026-02-11 07:00:00+00:00,24.23979949951172,24.23979949951172,24.240699768066406,24.191999435424805,24.238300323486328,0,EURCZK=X,EUR/CZK
2026-02-11 08:00:00+00:00,24.245500564575195,24.245500564575195,24.2455997467041,24.18000030517578,24.23979949951172,0,EURCZK=X,EUR/CZK
2026-02-11 09:00:00+00:00,24.247100830078125,24.247100830078125,24.255800247192383,24.19700050354004,24.245500564575195,0,EURCZK=X,EUR/CZK
2026-02-11 10:00:00+00:00,24.247100830078125,24.247100830078125,24.25160026550293,24.195999145507812,24.247100830078125,0,EURCZK=X,EUR/CZK
2026-02-11 11:00:00+00:00,24.242000579833984,24.242000579833984,24.249799728393555,24.197999954223633,24.247100830078125,0,EURCZK=X,EUR/CZK
2026-02-11 12:00:00+00:00,24.2450008392334,24.2450008392334,24.24799919128418,24.19499969482422,24.242000579833984,0,EURCZK=X,EUR/CZK
2026-02-11 13:00:00+00:00,24.25189971923828,24.25189971923828,24.256399154663086,24.187999725341797,24.2450008392334,0,EURCZK=X,EUR/CZK
2026-02-11 14:00:00+00:00,24.25160026550293,24.25160026550293,24.255800247192383,24.191999435424805,24.25189971923828,0,EURCZK=X,EUR/CZK
2026-02-11 15:00:00+00:00,24.207000732421875,24.207000732421875,24.260099411010742,24.20599937438965,24.25149917602539,0,EURCZK=X,EUR/CZK
2026-02-11 16:00:00+00:00,24.255699157714844,24.255699157714844,24.2593994140625,24.20400047302246,24.20800018310547,0,EURCZK=X,EUR/CZK
2026-02-11 17:00:00+00:00,24.24959945678711,24.24959945678711,24.255699157714844,24.207000732421875,24.255699157714844,0,EURCZK=X,EUR/CZK
2026-02-11 18:00:00+00:00,24.252700805664062,24.252700805664062,24.2539005279541,24.207000732421875,24.24880027770996,0,EURCZK=X,EUR/CZK
2026-02-11 19:00:00+00:00,24.252500534057617,24.252500534057617,24.25429916381836,24.207000732421875,24.252700805664062,0,EURCZK=X,EUR/CZK
2026-02-11 20:00:00+00:00,24.252399444580078,24.252399444580078,24.253599166870117,24.238000869750977,24.252500534057617,0,EURCZK=X,EUR/CZK
2026-02-11 21:00:00+00:00,24.194000244140625,24.194000244140625,24.25349998474121,24.18400001525879,24.252700805664062,0,EURCZK=X,EUR/CZK
2026-02-11 22:00:00+00:00,24.2189998626709,24.2189998626709,24.229999542236328,24.18000030517578,24.18000030517578,0,EURCZK=X,EUR/CZK
2026-02-11 23:00:00+00:00,24.234699249267578,24.234699249267578,24.237699508666992,24.19300079345703,24.2189998626709,0,EURCZK=X,EUR/CZK
2026-02-12 00:00:00+00:00,24.20199966430664,24.20199966430664,24.247299194335938,24.191999435424805,24.235200881958008,0,EURCZK=X,EUR/CZK
2026-02-12 01:00:00+00:00,24.249300003051758,24.249300003051758,24.24970054626465,24.202999114990234,24.246999740600586,0,EURCZK=X,EUR/CZK
2026-02-12 02:00:00+00:00,24.253599166870117,24.253599166870117,24.253799438476562,24.202999114990234,24.249300003051758,0,EURCZK=X,EUR/CZK
2026-02-12 03:00:00+00:00,24.25149917602539,24.25149917602539,24.254899978637695,24.207000732421875,24.253599166870117,0,EURCZK=X,EUR/CZK
2026-02-12 04:00:00+00:00,24.248199462890625,24.248199462890625,24.254600524902344,24.243999481201172,24.25149917602539,0,EURCZK=X,EUR/CZK
2026-02-12 05:00:00+00:00,24.248699188232422,24.248699188232422,24.25,24.233999252319336,24.248199462890625,0,EURCZK=X,EUR/CZK
2026-02-12 06:00:00+00:00,24.209999084472656,24.209999084472656,24.253000259399414,24.20800018310547,24.248699188232422,0,EURCZK=X,EUR/CZK
2026-02-12 07:00:00+00:00,24.26889991760254,24.26889991760254,24.269500732421875,24.19499969482422,24.253299713134766,0,EURCZK=X,EUR/CZK
2026-02-12 08:00:00+00:00,24.253999710083008,24.253999710083008,24.27079963684082,24.20199966430664,24.26889991760254,0,EURCZK=X,EUR/CZK
2026-02-12 09:00:00+00:00,24.242399215698242,24.242399215698242,24.254899978637695,24.194000244140625,24.253999710083008,0,EURCZK=X,EUR/CZK
2026-02-12 10:00:00+00:00,24.244600296020508,24.244600296020508,24.25189971923828,24.19300079345703,24.24169921875,0,EURCZK=X,EUR/CZK
2026-02-12 11:00:00+00:00,24.24020004272461,24.24020004272461,24.24880027770996,24.18400001525879,24.244600296020508,0,EURCZK=X,EUR/CZK
2026-02-12 12:00:00+00:00,24.197999954223633,24.197999954223633,24.247699737548828,24.19300079345703,24.24020004272461,0,EURCZK=X,EUR/CZK
2026-02-12 13:00:00+00:00,24.246200561523438,24.246200561523438,24.250900268554688,24.18600082397461,24.244600296020508,0,EURCZK=X,EUR/CZK
2026-02-12 14:00:00+00:00,24.23740005493164,24.23740005493164,24.246999740600586,24.18600082397461,24.246200561523438,0,EURCZK=X,EUR/CZK
2026-02-12 15:00:00+00:00,24.19700050354004,24.19700050354004,24.253999710083008,24.19099998474121,24.239500045776367,0,EURCZK=X,EUR/CZK
2026-02-12 16:00:00+00:00,24.24340057373047,24.24340057373047,24.248600006103516,24.19099998474121,24.24329948425293,0,EURCZK=X,EUR/CZK
2026-02-12 17:00:00+00:00,24.247100830078125,24.247100830078125,24.247499465942383,24.19499969482422,24.243600845336914,0,EURCZK=X,EUR/CZK
2026-02-12 18:00:00+00:00,24.248199462890625,24.248199462890625,24.248699188232422,24.20199966430664,24.24720001220703,0,EURCZK=X,EUR/CZK
2026-02-12 19:00:00+00:00,24.247100830078125,24.247100830078125,24.248600006103516,24.236000061035156,24.248199462890625,0,EURCZK=X,EUR/CZK
2026-02-12 20:00:00+00:00,24.246000289916992,24.246000289916992,24.246999740600586,24.201000213623047,24.246400833129883,0,EURCZK=X,EUR/CZK
2026-02-12 21:00:00+00:00,24.197999954223633,24.197999954223633,24.249799728393555,24.197999954223633,24.246000289916992,0,EURCZK=X,EUR/CZK
2026-02-12 22:00:00+00:00,24.23200035095215,24.23200035095215,24.242000579833984,24.202999114990234,24.240999221801758,0,EURCZK=X,EUR/CZK
2026-02-12 23:00:00+00:00,24.235300064086914,24.235300064086914,24.239700317382812,24.195999145507812,24.220399856567383,0,EURCZK=X,EUR/CZK
2026-02-13 00:00:00+00:00,24.200000762939453,24.200000762939453,24.246400833129883,24.19300079345703,24.239700317382812,0,EURCZK=X,EUR/CZK
2026-02-13 01:00:00+00:00,24.239500045776367,24.239500045776367,24.24690055847168,24.194000244140625,24.24340057373047,0,EURCZK=X,EUR/CZK
2026-02-13 02:00:00+00:00,24.23870086669922,24.23870086669922,24.246200561523438,24.194000244140625,24.24250030517578,0,EURCZK=X,EUR/CZK
2026-02-13 03:00:00+00:00,24.231599807739258,24.231599807739258,24.23870086669922,24.190000534057617,24.23870086669922,0,EURCZK=X,EUR/CZK
2026-02-13 04:00:00+00:00,24.230600357055664,24.230600357055664,24.23699951171875,24.187999725341797,24.231599807739258,0,EURCZK=X,EUR/CZK
2026-02-13 05:00:00+00:00,24.22760009765625,24.22760009765625,24.23349952697754,24.187000274658203,24.230600357055664,0,EURCZK=X,EUR/CZK
2026-02-13 06:00:00+00:00,24.235200881958008,24.235200881958008,24.247499465942383,24.18899917602539,24.22760009765625,0,EURCZK=X,EUR/CZK
2026-02-13 07:00:00+00:00,24.228500366210938,24.228500366210938,24.247499465942383,24.187999725341797,24.240999221801758,0,EURCZK=X,EUR/CZK
2026-02-13 08:00:00+00:00,24.24370002746582,24.24370002746582,24.25029945373535,24.180999755859375,24.23699951171875,0,EURCZK=X,EUR/CZK
2026-02-13 09:00:00+00:00,24.234699249267578,24.234699249267578,24.26140022277832,24.19499969482422,24.24370002746582,0,EURCZK=X,EUR/CZK
2026-02-13 10:00:00+00:00,24.257200241088867,24.257200241088867,24.266599655151367,24.194000244140625,24.23390007019043,0,EURCZK=X,EUR/CZK
2026-02-13 11:00:00+00:00,24.24920082092285,24.24920082092285,24.25909996032715,24.195999145507812,24.25779914855957,0,EURCZK=X,EUR/CZK
2026-02-13 12:00:00+00:00,24.26889991760254,24.26889991760254,24.27359962463379,24.204999923706055,24.249500274658203,0,EURCZK=X,EUR/CZK
2026-02-13 13:00:00+00:00,24.251399993896484,24.251399993896484,24.276100158691406,24.19499969482422,24.26889991760254,0,EURCZK=X,EUR/CZK
2026-02-13 14:00:00+00:00,24.222000122070312,24.222000122070312,24.26959991455078,24.202999114990234,24.251399993896484,0,EURCZK=X,EUR/CZK
2026-02-13 15:00:00+00:00,24.276199340820312,24.276199340820312,24.278099060058594,24.219999313354492,24.268600463867188,0,EURCZK=X,EUR/CZK
2026-02-13 16:00:00+00:00,24.27079963684082,24.27079963684082,24.278600692749023,24.219999313354492,24.276199340820312,0,EURCZK=X,EUR/CZK
2026-02-13 17:00:00+00:00,24.21500015258789,24.21500015258789,24.26930046081543,24.211999893188477,24.26930046081543,0,EURCZK=X,EUR/CZK
2026-02-13 18:00:00+00:00,24.214000701904297,24.214000701904297,24.265899658203125,24.21299934387207,24.2593994140625,0,EURCZK=X,EUR/CZK
2026-02-13 19:00:00+00:00,24.26650047302246,24.26650047302246,24.268699645996094,24.214000701904297,24.259199142456055,0,EURCZK=X,EUR/CZK
2026-02-13 20:00:00+00:00,24.22100067138672,24.22100067138672,24.269100189208984,24.216999053955078,24.26650047302246,0,EURCZK=X,EUR/CZK
2026-02-13 21:00:00+00:00,24.20400047302246,24.20400047302246,24.268999099731445,24.20400047302246,24.266599655151367,0,EURCZK=X,EUR/CZK
2026-02-13 22:00:00+00:00,24.226999282836914,24.226999282836914,24.226999282836914,24.17099952697754,24.17099952697754,0,EURCZK=X,EUR/CZK
2026-02-16 00:00:00+00:00,24.25349998474121,24.25349998474121,24.2544002532959,24.211000442504883,24.246299743652344,0,EURCZK=X,EUR/CZK
2026-02-16 01:00:00+00:00,24.25349998474121,24.25349998474121,24.254100799560547,24.226999282836914,24.25349998474121,0,EURCZK=X,EUR/CZK
2026-02-16 02:00:00+00:00,24.253400802612305,24.253400802612305,24.2549991607666,24.240999221801758,24.25349998474121,0,EURCZK=X,EUR/CZK
2026-02-16 03:00:00+00:00,24.24959945678711,24.24959945678711,24.253799438476562,24.22800064086914,24.2450008392334,0,EURCZK=X,EUR/CZK
2026-02-16 04:00:00+00:00,24.25029945373535,24.25029945373535,24.2544002532959,24.207000732421875,24.24959945678711,0,EURCZK=X,EUR/CZK
2026-02-16 05:00:00+00:00,24.252599716186523,24.252599716186523,24.253799438476562,24.20599937438965,24.24959945678711,0,EURCZK=X,EUR/CZK
2026-02-16 06:00:00+00:00,24.208999633789062,24.208999633789062,24.25480079650879,24.204999923706055,24.252199172973633,0,EURCZK=X,EUR/CZK
2026-02-16 07:00:00+00:00,24.250200271606445,24.250200271606445,24.257400512695312,24.20400047302246,24.247699737548828,0,EURCZK=X,EUR/CZK
2026-02-16 08:00:00+00:00,24.248600006103516,24.248600006103516,24.254600524902344,24.191999435424805,24.250200271606445,0,EURCZK=X,EUR/CZK
2026-02-16 09:00:00+00:00,24.244300842285156,24.244300842285156,24.249300003051758,24.194000244140625,24.24570083618164,0,EURCZK=X,EUR/CZK
2026-02-16 10:00:00+00:00,24.246299743652344,24.246299743652344,24.24920082092285,24.19499969482422,24.244300842285156,0,EURCZK=X,EUR/CZK
2026-02-16 11:00:00+00:00,24.252099990844727,24.252099990844727,24.25589942932129,24.19700050354004,24.246299743652344,0,EURCZK=X,EUR/CZK
2026-02-16 12:00:00+00:00,24.252899169921875,24.252899169921875,24.255800247192383,24.200000762939453,24.252099990844727,0,EURCZK=X,EUR/CZK
2026-02-16 13:00:00+00:00,24.252899169921875,24.252899169921875,24.260000228881836,24.201000213623047,24.252899169921875,0,EURCZK=X,EUR/CZK
2026-02-16 14:00:00+00:00,24.25029945373535,24.25029945373535,24.257600784301758,24.20400047302246,24.252500534057617,0,EURCZK=X,EUR/CZK
2026-02-16 15:00:00+00:00,24.257600784301758,24.257600784301758,24.259700775146484,24.20400047302246,24.250499725341797,0,EURCZK=X,EUR/CZK
2026-02-16 16:00:00+00:00,24.256399154663086,24.256399154663086,24.26289939880371,24.20199966430664,24.257600784301758,0,EURCZK=X,EUR/CZK
2026-02-16 17:00:00+00:00,24.25790023803711,24.25790023803711,24.259000778198242,24.211000442504883,24.255599975585938,0,EURCZK=X,EUR/CZK
2026-02-16 18:00:00+00:00,24.254100799560547,24.254100799560547,24.258699417114258,24.211000442504883,24.257699966430664,0,EURCZK=X,EUR/CZK
2026-02-16 19:00:00+00:00,24.252899169921875,24.252899169921875,24.254100799560547,24.211000442504883,24.254100799560547,0,EURCZK=X,EUR/CZK
2026-02-16 20:00:00+00:00,24.255800247192383,24.255800247192383,24.25659942626953,24.209999084472656,24.252899169921875,0,EURCZK=X,EUR/CZK
2026-02-16 21:00:00+00:00,24.204999923706055,24.204999923706055,24.256999969482422,24.204999923706055,24.25550079345703,0,EURCZK=X,EUR/CZK
2026-02-16 22:00:00+00:00,24.243000030517578,24.243000030517578,24.250999450683594,24.204999923706055,24.20599937438965,0,EURCZK=X,EUR/CZK
2026-02-16 23:00:00+00:00,24.247299194335938,24.247299194335938,24.24920082092285,24.236000061035156,24.243000030517578,0,EURCZK=X,EUR/CZK
2026-02-17 00:00:00+00:00,24.251300811767578,24.251300811767578,24.25279998779297,24.209999084472656,24.247600555419922,0,EURCZK=X,EUR/CZK
2026-02-17 01:00:00+00:00,24.247699737548828,24.247699737548828,24.253400802612305,24.209999084472656,24.251300811767578,0,EURCZK=X,EUR/CZK
2026-02-17 02:00:00+00:00,24.246999740600586,24.246999740600586,24.24810028076172,24.243000030517578,24.247699737548828,0,EURCZK=X,EUR/CZK
2026-02-17 03:00:00+00:00,24.247499465942383,24.247499465942383,24.247900009155273,24.243000030517578,24.246999740600586,0,EURCZK=X,EUR/CZK
2026-02-17 04:00:00+00:00,24.247299194335938,24.247299194335938,24.24799919128418,24.2450008392334,24.247499465942383,0,EURCZK=X,EUR/CZK
2026-02-17 05:00:00+00:00,24.246599197387695,24.246599197387695,24.249000549316406,24.20800018310547,24.247299194335938,0,EURCZK=X,EUR/CZK
2026-02-17 06:00:00+00:00,24.247100830078125,24.247100830078125,24.24799919128418,24.207000732421875,24.246599197387695,0,EURCZK=X,EUR/CZK
2026-02-17 07:00:00+00:00,24.26180076599121,24.26180076599121,24.273700714111328,24.20800018310547,24.247100830078125,0,EURCZK=X,EUR/CZK
2026-02-17 08:00:00+00:00,24.260299682617188,24.260299682617188,24.263500213623047,24.20800018310547,24.26180076599121,0,EURCZK=X,EUR/CZK
2026-02-17 09:00:00+00:00,24.255699157714844,24.255699157714844,24.263599395751953,24.209999084472656,24.260299682617188,0,EURCZK=X,EUR/CZK
2026-02-17 10:00:00+00:00,24.26490020751953,24.26490020751953,24.265199661254883,24.204999923706055,24.255699157714844,0,EURCZK=X,EUR/CZK
2026-02-17 11:00:00+00:00,24.263700485229492,24.263700485229492,24.265300750732422,24.21500015258789,24.26490020751953,0,EURCZK=X,EUR/CZK
2026-02-17 12:00:00+00:00,24.267499923706055,24.267499923706055,24.274499893188477,24.215999603271484,24.263700485229492,0,EURCZK=X,EUR/CZK
2026-02-17 13:00:00+00:00,24.267099380493164,24.267099380493164,24.274499893188477,24.208999633789062,24.267499923706055,0,EURCZK=X,EUR/CZK
2026-02-17 14:00:00+00:00,24.284000396728516,24.284000396728516,24.28860092163086,24.21299934387207,24.267099380493164,0,EURCZK=X,EUR/CZK
2026-02-17 15:00:00+00:00,24.27630043029785,24.27630043029785,24.28619956970215,24.218000411987305,24.284000396728516,0,EURCZK=X,EUR/CZK
2026-02-17 16:00:00+00:00,24.275800704956055,24.275800704956055,24.277799606323242,24.222000122070312,24.27549934387207,0,EURCZK=X,EUR/CZK
2026-02-17 17:00:00+00:00,24.27519989013672,24.27519989013672,24.277700424194336,24.260000228881836,24.27549934387207,0,EURCZK=X,EUR/CZK
2026-02-17 18:00:00+00:00,24.271400451660156,24.271400451660156,24.276199340820312,24.229000091552734,24.27519989013672,0,EURCZK=X,EUR/CZK
2026-02-17 19:00:00+00:00,24.271499633789062,24.271499633789062,24.2721004486084,24.225000381469727,24.270700454711914,0,EURCZK=X,EUR/CZK
2026-02-17 20:00:00+00:00,24.269699096679688,24.269699096679688,24.2716007232666,24.226999282836914,24.27079963684082,0,EURCZK=X,EUR/CZK
2026-02-17 21:00:00+00:00,24.268999099731445,24.268999099731445,24.270599365234375,24.22800064086914,24.269699096679688,0,EURCZK=X,EUR/CZK
2026-02-17 22:00:00+00:00,24.259000778198242,24.259000778198242,24.268999099731445,24.225000381469727,24.22800064086914,0,EURCZK=X,EUR/CZK
2026-02-17 23:00:00+00:00,24.261999130249023,24.261999130249023,24.26799964904785,24.225000381469727,24.259000778198242,0,EURCZK=X,EUR/CZK
2026-02-18 00:00:00+00:00,24.267200469970703,24.267200469970703,24.27050018310547,24.222999572753906,24.26020050048828,0,EURCZK=X,EUR/CZK
2026-02-18 01:00:00+00:00,24.268199920654297,24.268199920654297,24.269399642944336,24.224000930786133,24.267200469970703,0,EURCZK=X,EUR/CZK
2026-02-18 02:00:00+00:00,24.26689910888672,24.26689910888672,24.269100189208984,24.222999572753906,24.268199920654297,0,EURCZK=X,EUR/CZK
2026-02-18 03:00:00+00:00,24.267499923706055,24.267499923706055,24.2677001953125,24.224000930786133,24.26689910888672,0,EURCZK=X,EUR/CZK
2026-02-18 04:00:00+00:00,24.26609992980957,24.26609992980957,24.26889991760254,24.222999572753906,24.267499923706055,0,EURCZK=X,EUR/CZK
2026-02-18 05:00:00+00:00,24.265300750732422,24.265300750732422,24.266399383544922,24.222999572753906,24.26609992980957,0,EURCZK=X,EUR/CZK
2026-02-18 06:00:00+00:00,24.262100219726562,24.262100219726562,24.26810073852539,24.222999572753906,24.257999420166016,0,EURCZK=X,EUR/CZK
2026-02-18 07:00:00+00:00,24.26650047302246,24.26650047302246,24.26959991455078,24.211999893188477,24.265399932861328,0,EURCZK=X,EUR/CZK
2026-02-18 08:00:00+00:00,24.260900497436523,24.260900497436523,24.273000717163086,24.21500015258789,24.26650047302246,0,EURCZK=X,EUR/CZK
2026-02-18 09:00:00+00:00,24.258899688720703,24.258899688720703,24.26449966430664,24.20800018310547,24.260900497436523,0,EURCZK=X,EUR/CZK
2026-02-18 10:00:00+00:00,24.254199981689453,24.254199981689453,24.260700225830078,24.204999923706055,24.258899688720703,0,EURCZK=X,EUR/CZK
2026-02-18 11:00:00+00:00,24.254899978637695,24.254899978637695,24.260499954223633,24.20400047302246,24.254199981689453,0,EURCZK=X,EUR/CZK
2026-02-18 12:00:00+00:00,24.253000259399414,24.253000259399414,24.259599685668945,24.202999114990234,24.25510025024414,0,EURCZK=X,EUR/CZK
2026-02-18 13:00:00+00:00,24.257400512695312,24.257400512695312,24.26740074157715,24.195999145507812,24.252899169921875,0,EURCZK=X,EUR/CZK
2026-02-18 14:00:00+00:00,24.2450008392334,24.2450008392334,24.258499145507812,24.19700050354004,24.257699966430664,0,EURCZK=X,EUR/CZK
2026-02-18 15:00:00+00:00,24.23040008544922,24.23040008544922,24.245100021362305,24.183000564575195,24.2450008392334,0,EURCZK=X,EUR/CZK
2026-02-18 16:00:00+00:00,24.238100051879883,24.238100051879883,24.241100311279297,24.18199920654297,24.23040008544922,0,EURCZK=X,EUR/CZK
2026-02-18 17:00:00+00:00,24.235300064086914,24.235300064086914,24.238399505615234,24.187000274658203,24.238100051879883,0,EURCZK=X,EUR/CZK
2026-02-18 18:00:00+00:00,24.229999542236328,24.229999542236328,24.247499465942383,24.184999465942383,24.23539924621582,0,EURCZK=X,EUR/CZK
2026-02-18 19:00:00+00:00,24.197999954223633,24.197999954223633,24.24329948425293,24.187999725341797,24.229000091552734,0,EURCZK=X,EUR/CZK
2026-02-18 20:00:00+00:00,24.243200302124023,24.243200302124023,24.244600296020508,24.19700050354004,24.24209976196289,0,EURCZK=X,EUR/CZK
2026-02-18 21:00:00+00:00,24.19300079345703,24.19300079345703,24.248199462890625,24.19300079345703,24.243499755859375,0,EURCZK=X,EUR/CZK
2026-02-18 22:00:00+00:00,24.212499618530273,24.212499618530273,24.231000900268555,24.20400047302246,24.231000900268555,0,EURCZK=X,EUR/CZK
2026-02-18 23:00:00+00:00,24.233699798583984,24.233699798583984,24.234699249267578,24.211000442504883,24.212499618530273,0,EURCZK=X,EUR/CZK
2026-02-19 00:00:00+00:00,24.23270034790039,24.23270034790039,24.23889923095703,24.184999465942383,24.232200622558594,0,EURCZK=X,EUR/CZK
2026-02-19 01:00:00+00:00,24.229000091552734,24.229000091552734,24.23419952392578,24.183000564575195,24.23270034790039,0,EURCZK=X,EUR/CZK
2026-02-19 02:00:00+00:00,24.23550033569336,24.23550033569336,24.24049949645996,24.18600082397461,24.229000091552734,0,EURCZK=X,EUR/CZK
2026-02-19 03:00:00+00:00,24.233999252319336,24.233999252319336,24.237199783325195,24.19300079345703,24.23550033569336,0,EURCZK=X,EUR/CZK
2026-02-19 04:00:00+00:00,24.24489974975586,24.24489974975586,24.246000289916992,24.190000534057617,24.233999252319336,0,EURCZK=X,EUR/CZK
2026-02-19 05:00:00+00:00,24.245399475097656,24.245399475097656,24.246000289916992,24.197999954223633,24.246000289916992,0,EURCZK=X,EUR/CZK
2026-02-19 06:00:00+00:00,24.238000869750977,24.238000869750977,24.253000259399414,24.194000244140625,24.245399475097656,0,EURCZK=X,EUR/CZK
2026-02-19 07:00:00+00:00,24.232200622558594,24.232200622558594,24.25079917907715,24.183000564575195,24.24250030517578,0,EURCZK=X,EUR/CZK
2026-02-19 08:00:00+00:00,24.231399536132812,24.231399536132812,24.24139976501465,24.183000564575195,24.232200622558594,0,EURCZK=X,EUR/CZK
2026-02-19 09:00:00+00:00,24.23940086364746,24.23940086364746,24.24329948425293,24.18600082397461,24.23069953918457,0,EURCZK=X,EUR/CZK
2026-02-19 10:00:00+00:00,24.23579978942871,24.23579978942871,24.24250030517578,24.18899917602539,24.23940086364746,0,EURCZK=X,EUR/CZK
2026-02-19 11:00:00+00:00,24.2362003326416,24.2362003326416,24.245500564575195,24.190000534057617,24.23579978942871,0,EURCZK=X,EUR/CZK
2026-02-19 12:00:00+00:00,24.237300872802734,24.237300872802734,24.239299774169922,24.187999725341797,24.2362003326416,0,EURCZK=X,EUR/CZK
2026-02-19 13:00:00+00:00,24.24049949645996,24.24049949645996,24.25,24.18899917602539,24.237300872802734,0,EURCZK=X,EUR/CZK
2026-02-19 14:00:00+00:00,24.252399444580078,24.252399444580078,24.261600494384766,24.19499969482422,24.24049949645996,0,EURCZK=X,EUR/CZK
2026-02-19 15:00:00+00:00,24.241100311279297,24.241100311279297,24.254899978637695,24.19300079345703,24.252399444580078,0,EURCZK=X,EUR/CZK
2026-02-19 16:00:00+00:00,24.236799240112305,24.236799240112305,24.24690055847168,24.190000534057617,24.241100311279297,0,EURCZK=X,EUR/CZK
2026-02-19 17:00:00+00:00,24.244800567626953,24.244800567626953,24.249099731445312,24.191999435424805,24.236799240112305,0,EURCZK=X,EUR/CZK
2026-02-19 18:00:00+00:00,24.243099212646484,24.243099212646484,24.246000289916992,24.195999145507812,24.244800567626953,0,EURCZK=X,EUR/CZK
2026-02-19 19:00:00+00:00,24.242700576782227,24.242700576782227,24.243499755859375,24.195999145507812,24.242300033569336,0,EURCZK=X,EUR/CZK
2026-02-19 20:00:00+00:00,24.237699508666992,24.237699508666992,24.24169921875,24.19300079345703,24.24169921875,0,EURCZK=X,EUR/CZK
2026-02-19 21:00:00+00:00,24.19499969482422,24.19499969482422,24.237899780273438,24.19300079345703,24.237600326538086,0,EURCZK=X,EUR/CZK
2026-02-19 22:00:00+00:00,24.22599983215332,24.22599983215332,24.238000869750977,24.211000442504883,24.21500015258789,0,EURCZK=X,EUR/CZK
2026-02-19 23:00:00+00:00,24.232200622558594,24.232200622558594,24.233999252319336,24.190000534057617,24.22599983215332,0,EURCZK=X,EUR/CZK
2026-02-20 00:00:00+00:00,24.23740005493164,24.23740005493164,24.23819923400879,24.18400001525879,24.23200035095215,0,EURCZK=X,EUR/CZK
2026-02-20 01:00:00+00:00,24.239099502563477,24.239099502563477,24.242900848388672,24.19499969482422,24.23740005493164,0,EURCZK=X,EUR/CZK
2026-02-20 02:00:00+00:00,24.240999221801758,24.240999221801758,24.242399215698242,24.195999145507812,24.239099502563477,0,EURCZK=X,EUR/CZK
2026-02-20 03:00:00+00:00,24.237499237060547,24.237499237060547,24.242399215698242,24.195999145507812,24.240999221801758,0,EURCZK=X,EUR/CZK
2026-02-20 04:00:00+00:00,24.241500854492188,24.241500854492188,24.243000030517578,24.195999145507812,24.237499237060547,0,EURCZK=X,EUR/CZK
2026-02-20 05:00:00+00:00,24.240999221801758,24.240999221801758,24.243900299072266,24.195999145507812,24.241500854492188,0,EURCZK=X,EUR/CZK
2026-02-20 06:00:00+00:00,24.238100051879883,24.238100051879883,24.242399215698242,24.225000381469727,24.240999221801758,0,EURCZK=X,EUR/CZK
2026-02-20 07:00:00+00:00,24.243200302124023,24.243200302124023,24.246400833129883,24.19300079345703,24.238100051879883,0,EURCZK=X,EUR/CZK
2026-02-20 08:00:00+00:00,24.23900032043457,24.23900032043457,24.248300552368164,24.190000534057617,24.243200302124023,0,EURCZK=X,EUR/CZK
2026-02-20 09:00:00+00:00,24.239900588989258,24.239900588989258,24.24530029296875,24.17799949645996,24.243900299072266,0,EURCZK=X,EUR/CZK
2026-02-20 10:00:00+00:00,24.233699798583984,24.233699798583984,24.243200302124023,24.18000030517578,24.239900588989258,0,EURCZK=X,EUR/CZK
2026-02-20 11:00:00+00:00,24.191999435424805,24.191999435424805,24.241899490356445,24.18899917602539,24.233699798583984,0,EURCZK=X,EUR/CZK
2026-02-20 12:00:00+00:00,24.24139976501465,24.24139976501465,24.24340057373047,24.187999725341797,24.238000869750977,0,EURCZK=X,EUR/CZK
2026-02-20 13:00:00+00:00,24.234399795532227,24.234399795532227,24.243099212646484,24.18600082397461,24.24139976501465,0,EURCZK=X,EUR/CZK
2026-02-20 14:00:00+00:00,24.22100067138672,24.22100067138672,24.236099243164062,24.176000595092773,24.234399795532227,0,EURCZK=X,EUR/CZK
2026-02-20 15:00:00+00:00,24.219499588012695,24.219499588012695,24.22570037841797,24.16699981689453,24.22100067138672,0,EURCZK=X,EUR/CZK
2026-02-20 16:00:00+00:00,24.222200393676758,24.222200393676758,24.224199295043945,24.166000366210938,24.219499588012695,0,EURCZK=X,EUR/CZK
2026-02-20 17:00:00+00:00,24.22260093688965,24.22260093688965,24.22909927368164,24.176000595092773,24.221900939941406,0,EURCZK=X,EUR/CZK
2026-02-20 18:00:00+00:00,24.21649932861328,24.21649932861328,24.224199295043945,24.173999786376953,24.22260093688965,0,EURCZK=X,EUR/CZK
2026-02-20 19:00:00+00:00,24.218900680541992,24.218900680541992,24.220199584960938,24.17099952697754,24.21649932861328,0,EURCZK=X,EUR/CZK
2026-02-20 20:00:00+00:00,24.21969985961914,24.21969985961914,24.21969985961914,24.173999786376953,24.218900680541992,0,EURCZK=X,EUR/CZK
2026-02-20 21:00:00+00:00,24.192399978637695,24.192399978637695,24.221200942993164,24.172000885009766,24.21940040588379,0,EURCZK=X,EUR/CZK
2026-02-20 22:00:00+00:00,24.18899917602539,24.18899917602539,24.19099998474121,24.18899917602539,24.19099998474121,0,EURCZK=X,EUR/CZK
2026-02-23 00:00:00+00:00,24.22170066833496,24.22170066833496,24.22480010986328,24.173999786376953,24.22170066833496,0,EURCZK=X,EUR/CZK
2026-02-23 01:00:00+00:00,24.224000930786133,24.224000930786133,24.224700927734375,24.18000030517578,24.22170066833496,0,EURCZK=X,EUR/CZK
2026-02-23 02:00:00+00:00,24.222000122070312,24.222000122070312,24.224300384521484,24.18000030517578,24.222299575805664,0,EURCZK=X,EUR/CZK
2026-02-23 03:00:00+00:00,24.221599578857422,24.221599578857422,24.223499298095703,24.17799949645996,24.222000122070312,0,EURCZK=X,EUR/CZK
2026-02-23 04:00:00+00:00,24.218000411987305,24.218000411987305,24.223800659179688,24.173999786376953,24.221599578857422,0,EURCZK=X,EUR/CZK
2026-02-23 05:00:00+00:00,24.218700408935547,24.218700408935547,24.21969985961914,24.174999237060547,24.218000411987305,0,EURCZK=X,EUR/CZK
2026-02-23 06:00:00+00:00,24.21299934387207,24.21299934387207,24.21980094909668,24.172000885009766,24.218700408935547,0,EURCZK=X,EUR/CZK
2026-02-23 07:00:00+00:00,24.21430015563965,24.21430015563965,24.220199584960938,24.167999267578125,24.21299934387207,0,EURCZK=X,EUR/CZK
2026-02-23 08:00:00+00:00,24.20800018310547,24.20800018310547,24.21820068359375,24.15999984741211,24.21430015563965,0,EURCZK=X,EUR/CZK
2026-02-23 09:00:00+00:00,24.21500015258789,24.21500015258789,24.21929931640625,24.163999557495117,24.20800018310547,0,EURCZK=X,EUR/CZK
2026-02-23 10:00:00+00:00,24.227800369262695,24.227800369262695,24.233600616455078,24.170000076293945,24.21500015258789,0,EURCZK=X,EUR/CZK
2026-02-23 11:00:00+00:00,24.18199920654297,24.18199920654297,24.22960090637207,24.17799949645996,24.227800369262695,0,EURCZK=X,EUR/CZK
2026-02-23 12:00:00+00:00,24.223400115966797,24.223400115966797,24.231000900268555,24.177000045776367,24.2273006439209,0,EURCZK=X,EUR/CZK
2026-02-23 13:00:00+00:00,24.227800369262695,24.227800369262695,24.23430061340332,24.163999557495117,24.223400115966797,0,EURCZK=X,EUR/CZK
2026-02-23 14:00:00+00:00,24.21769905090332,24.21769905090332,24.23040008544922,24.17099952697754,24.227699279785156,0,EURCZK=X,EUR/CZK
2026-02-23 15:00:00+00:00,24.22249984741211,24.22249984741211,24.226499557495117,24.170000076293945,24.21769905090332,0,EURCZK=X,EUR/CZK
2026-02-23 16:00:00+00:00,24.21929931640625,24.21929931640625,24.22760009765625,24.17300033569336,24.22319984436035,0,EURCZK=X,EUR/CZK
2026-02-23 17:00:00+00:00,24.225400924682617,24.225400924682617,24.22760009765625,24.172000885009766,24.21929931640625,0,EURCZK=X,EUR/CZK
2026-02-23 18:00:00+00:00,24.223100662231445,24.223100662231445,24.229000091552734,24.174999237060547,24.225400924682617,0,EURCZK=X,EUR/CZK
2026-02-23 19:00:00+00:00,24.226200103759766,24.226200103759766,24.226600646972656,24.176000595092773,24.221799850463867,0,EURCZK=X,EUR/CZK
2026-02-23 20:00:00+00:00,24.223499298095703,24.223499298095703,24.226699829101562,24.17799949645996,24.226600646972656,0,EURCZK=X,EUR/CZK
2026-02-23 21:00:00+00:00,24.170000076293945,24.170000076293945,24.22410011291504,24.170000076293945,24.223899841308594,0,EURCZK=X,EUR/CZK
2026-02-23 22:00:00+00:00,24.211999893188477,24.211999893188477,24.214000701904297,24.170000076293945,24.17799949645996,0,EURCZK=X,EUR/CZK
2026-02-23 23:00:00+00:00,24.212200164794922,24.212200164794922,24.216400146484375,24.180400848388672,24.183000564575195,0,EURCZK=X,EUR/CZK
2026-02-24 00:00:00+00:00,24.21299934387207,24.21299934387207,24.21500015258789,24.16900062561035,24.212200164794922,0,EURCZK=X,EUR/CZK
2026-02-24 01:00:00+00:00,24.21150016784668,24.21150016784668,24.215099334716797,24.16900062561035,24.21299934387207,0,EURCZK=X,EUR/CZK
2026-02-24 02:00:00+00:00,24.212299346923828,24.212299346923828,24.214599609375,24.167999267578125,24.21150016784668,0,EURCZK=X,EUR/CZK
2026-02-24 03:00:00+00:00,24.21109962463379,24.21109962463379,24.214500427246094,24.167999267578125,24.212299346923828,0,EURCZK=X,EUR/CZK
2026-02-24 04:00:00+00:00,24.214000701904297,24.214000701904297,24.215999603271484,24.167999267578125,24.21109962463379,0,EURCZK=X,EUR/CZK
2026-02-24 05:00:00+00:00,24.219600677490234,24.219600677490234,24.22410011291504,24.167999267578125,24.214000701904297,0,EURCZK=X,EUR/CZK
2026-02-24 06:00:00+00:00,24.217500686645508,24.217500686645508,24.222400665283203,24.20400047302246,24.220800399780273,0,EURCZK=X,EUR/CZK
2026-02-24 07:00:00+00:00,24.225900650024414,24.225900650024414,24.23349952697754,24.17799949645996,24.222400665283203,0,EURCZK=X,EUR/CZK
2026-02-24 08:00:00+00:00,24.233699798583984,24.233699798583984,24.24489974975586,24.18000030517578,24.226200103759766,0,EURCZK=X,EUR/CZK
2026-02-24 09:00:00+00:00,24.230300903320312,24.230300903320312,24.23539924621582,24.183000564575195,24.233699798583984,0,EURCZK=X,EUR/CZK
2026-02-24 10:00:00+00:00,24.220300674438477,24.220300674438477,24.23040008544922,24.17099952697754,24.230300903320312,0,EURCZK=X,EUR/CZK
2026-02-24 11:00:00+00:00,24.174999237060547,24.174999237060547,24.2278995513916,24.16900062561035,24.220399856567383,0,EURCZK=X,EUR/CZK
2026-02-24 12:00:00+00:00,24.220699310302734,24.220699310302734,24.226600646972656,24.173999786376953,24.22089958190918,0,EURCZK=X,EUR/CZK
2026-02-24 13:00:00+00:00,24.23069953918457,24.23069953918457,24.233400344848633,24.16900062561035,24.22130012512207,0,EURCZK=X,EUR/CZK
2026-02-24 14:00:00+00:00,24.21980094909668,24.21980094909668,24.23200035095215,24.170000076293945,24.22949981689453,0,EURCZK=X,EUR/CZK
2026-02-24 15:00:00+00:00,24.213199615478516,24.213199615478516,24.227399826049805,24.166000366210938,24.220399856567383,0,EURCZK=X,EUR/CZK
2026-02-24 16:00:00+00:00,24.21299934387207,24.21299934387207,24.214799880981445,24.15999984741211,24.213199615478516,0,EURCZK=X,EUR/CZK
2026-02-24 17:00:00+00:00,24.2101993560791,24.2101993560791,24.21299934387207,24.165000915527344,24.21299934387207,0,EURCZK=X,EUR/CZK
2026-02-24 18:00:00+00:00,24.210100173950195,24.210100173950195,24.213899612426758,24.16699981689453,24.2101993560791,0,EURCZK=X,EUR/CZK
2026-02-24 19:00:00+00:00,24.207700729370117,24.207700729370117,24.212099075317383,24.165000915527344,24.210100173950195,0,EURCZK=X,EUR/CZK
2026-02-24 20:00:00+00:00,24.212400436401367,24.212400436401367,24.21430015563965,24.166000366210938,24.208499908447266,0,EURCZK=X,EUR/CZK
2026-02-24 21:00:00+00:00,24.195999145507812,24.195999145507812,24.214399337768555,24.170000076293945,24.212400436401367,0,EURCZK=X,EUR/CZK
2026-02-24 22:00:00+00:00,24.186100006103516,24.186100006103516,24.211000442504883,24.167999267578125,24.167999267578125,0,EURCZK=X,EUR/CZK
2026-02-24 23:00:00+00:00,24.211999893188477,24.211999893188477,24.217199325561523,24.175500869750977,24.187000274658203,0,EURCZK=X,EUR/CZK
2026-02-25 00:00:00+00:00,24.21820068359375,24.21820068359375,24.222900390625,24.17300033569336,24.211599349975586,0,EURCZK=X,EUR/CZK
2026-02-25 01:00:00+00:00,24.213499069213867,24.213499069213867,24.2189998626709,24.16699981689453,24.21820068359375,0,EURCZK=X,EUR/CZK
2026-02-25 02:00:00+00:00,24.172000885009766,24.172000885009766,24.222999572753906,24.170000076293945,24.213499069213867,0,EURCZK=X,EUR/CZK
2026-02-25 03:00:00+00:00,24.213699340820312,24.213699340820312,24.224000930786133,24.170000076293945,24.20949935913086,0,EURCZK=X,EUR/CZK
2026-02-25 04:00:00+00:00,24.21339988708496,24.21339988708496,24.22599983215332,24.170000076293945,24.215499877929688,0,EURCZK=X,EUR/CZK
2026-02-25 05:00:00+00:00,24.205699920654297,24.205699920654297,24.217100143432617,24.166000366210938,24.21339988708496,0,EURCZK=X,EUR/CZK
2026-02-25 06:00:00+00:00,24.199499130249023,24.199499130249023,24.206499099731445,24.19099998474121,24.205699920654297,0,EURCZK=X,EUR/CZK
2026-02-25 07:00:00+00:00,24.190099716186523,24.190099716186523,24.212400436401367,24.158000946044922,24.19809913635254,0,EURCZK=X,EUR/CZK
2026-02-25 08:00:00+00:00,24.220600128173828,24.220600128173828,24.230899810791016,24.158000946044922,24.19070053100586,0,EURCZK=X,EUR/CZK
2026-02-25 09:00:00+00:00,24.200700759887695,24.200700759887695,24.222299575805664,24.16699981689453,24.220600128173828,0,EURCZK=X,EUR/CZK
2026-02-25 10:00:00+00:00,24.214399337768555,24.214399337768555,24.222400665283203,24.16699981689453,24.2096004486084,0,EURCZK=X,EUR/CZK
2026-02-25 11:00:00+00:00,24.21769905090332,24.21769905090332,24.22760009765625,24.16699981689453,24.214399337768555,0,EURCZK=X,EUR/CZK
2026-02-25 12:00:00+00:00,24.22100067138672,24.22100067138672,24.225900650024414,24.16699981689453,24.21769905090332,0,EURCZK=X,EUR/CZK
2026-02-25 13:00:00+00:00,24.22209930419922,24.22209930419922,24.22599983215332,24.16900062561035,24.221599578857422,0,EURCZK=X,EUR/CZK
2026-02-25 14:00:00+00:00,24.229000091552734,24.229000091552734,24.229900360107422,24.16900062561035,24.222000122070312,0,EURCZK=X,EUR/CZK
2026-02-25 15:00:00+00:00,24.220199584960938,24.220199584960938,24.236099243164062,24.174999237060547,24.228300094604492,0,EURCZK=X,EUR/CZK
2026-02-25 16:00:00+00:00,24.221799850463867,24.221799850463867,24.22599983215332,24.172000885009766,24.220199584960938,0,EURCZK=X,EUR/CZK
2026-02-25 17:00:00+00:00,24.21980094909668,24.21980094909668,24.224000930786133,24.176000595092773,24.220399856567383,0,EURCZK=X,EUR/CZK
2026-02-25 18:00:00+00:00,24.219100952148438,24.219100952148438,24.220500946044922,24.174999237060547,24.21980094909668,0,EURCZK=X,EUR/CZK
2026-02-25 19:00:00+00:00,24.21980094909668,24.21980094909668,24.22640037536621,24.173999786376953,24.218399047851562,0,EURCZK=X,EUR/CZK
2026-02-25 20:00:00+00:00,24.221099853515625,24.221099853515625,24.222200393676758,24.176000595092773,24.21980094909668,0,EURCZK=X,EUR/CZK
2026-02-25 21:00:00+00:00,24.20800018310547,24.20800018310547,24.22170066833496,24.174999237060547,24.221099853515625,0,EURCZK=X,EUR/CZK
2026-02-25 22:00:00+00:00,24.20359992980957,24.20359992980957,24.231000900268555,24.184999465942383,24.184999465942383,0,EURCZK=X,EUR/CZK
2026-02-25 23:00:00+00:00,24.220699310302734,24.220699310302734,24.224000930786133,24.201000213623047,24.20400047302246,0,EURCZK=X,EUR/CZK
2026-02-26 00:00:00+00:00,24.228200912475586,24.228200912475586,24.228200912475586,24.183000564575195,24.22170066833496,0,EURCZK=X,EUR/CZK
2026-02-26 01:00:00+00:00,24.22089958190918,24.22089958190918,24.229900360107422,24.18000030517578,24.22640037536621,0,EURCZK=X,EUR/CZK
2026-02-26 02:00:00+00:00,24.221200942993164,24.221200942993164,24.22249984741211,24.18000030517578,24.22089958190918,0,EURCZK=X,EUR/CZK
2026-02-26 03:00:00+00:00,24.216100692749023,24.216100692749023,24.22209930419922,24.177000045776367,24.221200942993164,0,EURCZK=X,EUR/CZK
2026-02-26 04:00:00+00:00,24.22010040283203,24.22010040283203,24.220800399780273,24.17799949645996,24.216100692749023,0,EURCZK=X,EUR/CZK
2026-02-26 05:00:00+00:00,24.222400665283203,24.222400665283203,24.225799560546875,24.18000030517578,24.22010040283203,0,EURCZK=X,EUR/CZK
2026-02-26 06:00:00+00:00,24.22640037536621,24.22640037536621,24.22949981689453,24.18000030517578,24.222400665283203,0,EURCZK=X,EUR/CZK
2026-02-26 07:00:00+00:00,24.2322998046875,24.2322998046875,24.23870086669922,24.18199920654297,24.22640037536621,0,EURCZK=X,EUR/CZK
2026-02-26 08:00:00+00:00,24.240400314331055,24.240400314331055,24.241100311279297,24.18199920654297,24.2322998046875,0,EURCZK=X,EUR/CZK
2026-02-26 09:00:00+00:00,24.239900588989258,24.239900588989258,24.243999481201172,24.18600082397461,24.240400314331055,0,EURCZK=X,EUR/CZK
2026-02-26 10:00:00+00:00,24.2362003326416,24.2362003326416,24.241300582885742,24.187000274658203,24.239900588989258,0,EURCZK=X,EUR/CZK
2026-02-26 11:00:00+00:00,24.234100341796875,24.234100341796875,24.24180030822754,24.184999465942383,24.2362003326416,0,EURCZK=X,EUR/CZK
2026-02-26 12:00:00+00:00,24.23900032043457,24.23900032043457,24.24209976196289,24.18899917602539,24.234100341796875,0,EURCZK=X,EUR/CZK
2026-02-26 13:00:00+00:00,24.23940086364746,24.23940086364746,24.24690055847168,24.18600082397461,24.23940086364746,0,EURCZK=X,EUR/CZK
2026-02-26 14:00:00+00:00,24.22130012512207,24.22130012512207,24.24169921875,24.170000076293945,24.23940086364746,0,EURCZK=X,EUR/CZK
2026-02-26 15:00:00+00:00,24.23979949951172,24.23979949951172,24.24530029296875,24.172000885009766,24.22130012512207,0,EURCZK=X,EUR/CZK
2026-02-26 16:00:00+00:00,24.2460994720459,24.2460994720459,24.252099990844727,24.19300079345703,24.23979949951172,0,EURCZK=X,EUR/CZK
2026-02-26 17:00:00+00:00,24.250499725341797,24.250499725341797,24.252300262451172,24.200000762939453,24.2460994720459,0,EURCZK=X,EUR/CZK
2026-02-26 18:00:00+00:00,24.247600555419922,24.247600555419922,24.25589942932129,24.201000213623047,24.250499725341797,0,EURCZK=X,EUR/CZK
2026-02-26 19:00:00+00:00,24.246599197387695,24.246599197387695,24.258399963378906,24.201000213623047,24.246700286865234,0,EURCZK=X,EUR/CZK
2026-02-26 20:00:00+00:00,24.239999771118164,24.239999771118164,24.247800827026367,24.195999145507812,24.24720001220703,0,EURCZK=X,EUR/CZK
2026-02-26 21:00:00+00:00,24.22800064086914,24.22800064086914,24.24049949645996,24.22800064086914,24.240100860595703,0,EURCZK=X,EUR/CZK
2026-02-26 22:00:00+00:00,24.225000381469727,24.225000381469727,24.2539005279541,24.201799392700195,24.204999923706055,0,EURCZK=X,EUR/CZK
2026-02-26 23:00:00+00:00,24.23819923400879,24.23819923400879,24.241600036621094,24.215599060058594,24.21649932861328,0,EURCZK=X,EUR/CZK
2026-02-27 00:00:00+00:00,24.241899490356445,24.241899490356445,24.244800567626953,24.197999954223633,24.23419952392578,0,EURCZK=X,EUR/CZK
2026-02-27 01:00:00+00:00,24.242900848388672,24.242900848388672,24.243000030517578,24.197999954223633,24.24250030517578,0,EURCZK=X,EUR/CZK
2026-02-27 02:00:00+00:00,24.20199966430664,24.20199966430664,24.246299743652344,24.197999954223633,24.242900848388672,0,EURCZK=X,EUR/CZK
2026-02-27 03:00:00+00:00,24.244300842285156,24.244300842285156,24.24489974975586,24.198999404907227,24.24340057373047,0,EURCZK=X,EUR/CZK
2026-02-27 04:00:00+00:00,24.24049949645996,24.24049949645996,24.246400833129883,24.197999954223633,24.243000030517578,0,EURCZK=X,EUR/CZK
2026-02-27 05:00:00+00:00,24.2283992767334,24.2283992767334,24.239500045776367,24.19499969482422,24.197999954223633,0,EURCZK=X,EUR/CZK
2026-02-27 06:00:00+00:00,24.23349952697754,24.23349952697754,24.239999771118164,24.191999435424805,24.22570037841797,0,EURCZK=X,EUR/CZK
2026-02-27 07:00:00+00:00,24.23509979248047,24.23509979248047,24.254100799560547,24.18899917602539,24.23349952697754,0,EURCZK=X,EUR/CZK
2026-02-27 08:00:00+00:00,24.239099502563477,24.239099502563477,24.252500534057617,24.190000534057617,24.245399475097656,0,EURCZK=X,EUR/CZK
2026-02-27 09:00:00+00:00,24.243600845336914,24.243600845336914,24.25349998474121,24.195999145507812,24.239099502563477,0,EURCZK=X,EUR/CZK
2026-02-27 10:00:00+00:00,24.24679946899414,24.24679946899414,24.247699737548828,24.19700050354004,24.243600845336914,0,EURCZK=X,EUR/CZK
2026-02-27 11:00:00+00:00,24.24169921875,24.24169921875,24.249500274658203,24.19499969482422,24.24679946899414,0,EURCZK=X,EUR/CZK
2026-02-27 12:00:00+00:00,24.24090003967285,24.24090003967285,24.242799758911133,24.187999725341797,24.24169921875,0,EURCZK=X,EUR/CZK
2026-02-27 13:00:00+00:00,24.241300582885742,24.241300582885742,24.247499465942383,24.187000274658203,24.24090003967285,0,EURCZK=X,EUR/CZK
2026-02-27 14:00:00+00:00,24.228500366210938,24.228500366210938,24.247400283813477,24.17099952697754,24.195999145507812,0,EURCZK=X,EUR/CZK
2026-02-27 15:00:00+00:00,24.225000381469727,24.225000381469727,24.23740005493164,24.170000076293945,24.228500366210938,0,EURCZK=X,EUR/CZK
2026-02-27 16:00:00+00:00,24.22450065612793,24.22450065612793,24.226999282836914,24.167999267578125,24.225400924682617,0,EURCZK=X,EUR/CZK
2026-02-27 17:00:00+00:00,24.229799270629883,24.229799270629883,24.231599807739258,24.16699981689453,24.22450065612793,0,EURCZK=X,EUR/CZK
2026-02-27 18:00:00+00:00,24.229799270629883,24.229799270629883,24.231599807739258,24.183000564575195,24.23069953918457,0,EURCZK=X,EUR/CZK
2026-02-27 19:00:00+00:00,24.228599548339844,24.228599548339844,24.230100631713867,24.183000564575195,24.229799270629883,0,EURCZK=X,EUR/CZK
2026-02-27 20:00:00+00:00,24.225200653076172,24.225200653076172,24.229299545288086,24.183000564575195,24.229299545288086,0,EURCZK=X,EUR/CZK
2026-02-27 21:00:00+00:00,24.208999633789062,24.208999633789062,24.2322998046875,24.18000030517578,24.225799560546875,0,EURCZK=X,EUR/CZK
2026-02-27 22:00:00+00:00,24.204999923706055,24.204999923706055,24.204999923706055,24.15999984741211,24.190000534057617,0,EURCZK=X,EUR/CZK
2026-03-02 00:00:00+00:00,24.201000213623047,24.201000213623047,24.237699508666992,24.183000564575195,24.225799560546875,0,EURCZK=X,EUR/CZK
2026-03-02 01:00:00+00:00,24.2362003326416,24.2362003326416,24.24090003967285,24.184999465942383,24.231800079345703,0,EURCZK=X,EUR/CZK
2026-03-02 02:00:00+00:00,24.23699951171875,24.23699951171875,24.240800857543945,24.184999465942383,24.2362003326416,0,EURCZK=X,EUR/CZK
2026-03-02 03:00:00+00:00,24.19499969482422,24.19499969482422,24.24090003967285,24.18400001525879,24.232500076293945,0,EURCZK=X,EUR/CZK
2026-03-02 04:00:00+00:00,24.234699249267578,24.234699249267578,24.240400314331055,24.18400001525879,24.238100051879883,0,EURCZK=X,EUR/CZK
2026-03-02 05:00:00+00:00,24.219999313354492,24.219999313354492,24.24370002746582,24.184999465942383,24.23259925842285,0,EURCZK=X,EUR/CZK
2026-03-02 06:00:00+00:00,24.23819923400879,24.23819923400879,24.245899200439453,24.177000045776367,24.219999313354492,0,EURCZK=X,EUR/CZK
2026-03-02 07:00:00+00:00,24.256900787353516,24.256900787353516,24.2677001953125,24.18600082397461,24.18600082397461,0,EURCZK=X,EUR/CZK
2026-03-02 08:00:00+00:00,24.240699768066406,24.240699768066406,24.263099670410156,24.183000564575195,24.256900787353516,0,EURCZK=X,EUR/CZK
2026-03-02 09:00:00+00:00,24.249399185180664,24.249399185180664,24.25,24.18199920654297,24.18199920654297,0,EURCZK=X,EUR/CZK
2026-03-02 10:00:00+00:00,24.25160026550293,24.25160026550293,24.2539005279541,24.200000762939453,24.249399185180664,0,EURCZK=X,EUR/CZK
2026-03-02 11:00:00+00:00,24.257299423217773,24.257299423217773,24.25909996032715,24.20199966430664,24.25160026550293,0,EURCZK=X,EUR/CZK
2026-03-02 12:00:00+00:00,24.27199935913086,24.27199935913086,24.27630043029785,24.20599937438965,24.257299423217773,0,EURCZK=X,EUR/CZK
2026-03-02 13:00:00+00:00,24.278799057006836,24.278799057006836,24.2814998626709,24.219999313354492,24.27199935913086,0,EURCZK=X,EUR/CZK
2026-03-02 14:00:00+00:00,24.25429916381836,24.25429916381836,24.284900665283203,24.218000411987305,24.27899932861328,0,EURCZK=X,EUR/CZK
2026-03-02 15:00:00+00:00,24.267099380493164,24.267099380493164,24.28730010986328,24.215999603271484,24.247299194335938,0,EURCZK=X,EUR/CZK
2026-03-02 16:00:00+00:00,24.256000518798828,24.256000518798828,24.273300170898438,24.21299934387207,24.267099380493164,0,EURCZK=X,EUR/CZK
2026-03-02 17:00:00+00:00,24.26219940185547,24.26219940185547,24.270700454711914,24.209999084472656,24.256000518798828,0,EURCZK=X,EUR/CZK
2026-03-02 18:00:00+00:00,24.209999084472656,24.209999084472656,24.265499114990234,24.209999084472656,24.26219940185547,0,EURCZK=X,EUR/CZK
2026-03-02 19:00:00+00:00,24.247400283813477,24.247400283813477,24.25320053100586,24.204999923706055,24.218000411987305,0,EURCZK=X,EUR/CZK
2026-03-02 20:00:00+00:00,24.251699447631836,24.251699447631836,24.2544002532959,24.20599937438965,24.247400283813477,0,EURCZK=X,EUR/CZK
2026-03-02 21:00:00+00:00,24.222999572753906,24.222999572753906,24.252500534057617,24.207000732421875,24.25189971923828,0,EURCZK=X,EUR/CZK
2026-03-02 22:00:00+00:00,24.235300064086914,24.235300064086914,24.26099967956543,24.22089958190918,24.259000778198242,0,EURCZK=X,EUR/CZK
2026-03-02 23:00:00+00:00,24.25670051574707,24.25670051574707,24.264699935913086,24.22719955444336,24.236000061035156,0,EURCZK=X,EUR/CZK
2026-03-03 00:00:00+00:00,24.248300552368164,24.248300552368164,24.266399383544922,24.211999893188477,24.222000122070312,0,EURCZK=X,EUR/CZK
2026-03-03 01:00:00+00:00,24.2544002532959,24.2544002532959,24.2544002532959,24.209999084472656,24.246999740600586,0,EURCZK=X,EUR/CZK
2026-03-03 02:00:00+00:00,24.211999893188477,24.211999893188477,24.255199432373047,24.209999084472656,24.25349998474121,0,EURCZK=X,EUR/CZK
2026-03-03 03:00:00+00:00,24.21299934387207,24.21299934387207,24.253799438476562,24.209999084472656,24.25200080871582,0,EURCZK=X,EUR/CZK
2026-03-03 04:00:00+00:00,24.25040054321289,24.25040054321289,24.25469970703125,24.209999084472656,24.250900268554688,0,EURCZK=X,EUR/CZK
2026-03-03 05:00:00+00:00,24.21299934387207,24.21299934387207,24.253000259399414,24.209999084472656,24.247600555419922,0,EURCZK=X,EUR/CZK
2026-03-03 06:00:00+00:00,24.21500015258789,24.21500015258789,24.2549991607666,24.209999084472656,24.247600555419922,0,EURCZK=X,EUR/CZK
2026-03-03 07:00:00+00:00,24.289100646972656,24.289100646972656,24.299699783325195,24.211999893188477,24.24959945678711,0,EURCZK=X,EUR/CZK
2026-03-03 08:00:00+00:00,24.313400268554688,24.313400268554688,24.322500228881836,24.20800018310547,24.289199829101562,0,EURCZK=X,EUR/CZK
2026-03-03 09:00:00+00:00,24.316999435424805,24.316999435424805,24.342500686645508,24.256000518798828,24.313400268554688,0,EURCZK=X,EUR/CZK
2026-03-03 10:00:00+00:00,24.33839988708496,24.33839988708496,24.38599967956543,24.275999069213867,24.315000534057617,0,EURCZK=X,EUR/CZK
2026-03-03 11:00:00+00:00,24.33919906616211,24.33919906616211,24.37700080871582,24.280000686645508,24.33839988708496,0,EURCZK=X,EUR/CZK
2026-03-03 12:00:00+00:00,24.351999282836914,24.351999282836914,24.36240005493164,24.277000427246094,24.33919906616211,0,EURCZK=X,EUR/CZK
2026-03-03 13:00:00+00:00,24.33300018310547,24.33300018310547,24.387300491333008,24.30299949645996,24.351999282836914,0,EURCZK=X,EUR/CZK
2026-03-03 14:00:00+00:00,24.410400390625,24.410400390625,24.421899795532227,24.320999145507812,24.378799438476562,0,EURCZK=X,EUR/CZK
2026-03-03 15:00:00+00:00,24.43079948425293,24.43079948425293,24.445100784301758,24.344999313354492,24.410400390625,0,EURCZK=X,EUR/CZK
2026-03-03 16:00:00+00:00,24.3794002532959,24.3794002532959,24.43120002746582,24.28499984741211,24.43079948425293,0,EURCZK=X,EUR/CZK
2026-03-03 17:00:00+00:00,24.39889907836914,24.39889907836914,24.404499053955078,24.334999084472656,24.378400802612305,0,EURCZK=X,EUR/CZK
2026-03-03 18:00:00+00:00,24.36639976501465,24.36639976501465,24.40959930419922,24.325000762939453,24.39889907836914,0,EURCZK=X,EUR/CZK
2026-03-03 19:00:00+00:00,24.354000091552734,24.354000091552734,24.36639976501465,24.316999435424805,24.36639976501465,0,EURCZK=X,EUR/CZK
2026-03-03 20:00:00+00:00,24.355899810791016,24.355899810791016,24.363500595092773,24.31100082397461,24.363399505615234,0,EURCZK=X,EUR/CZK
2026-03-03 21:00:00+00:00,24.3439998626709,24.3439998626709,24.39550018310547,24.308000564575195,24.356000900268555,0,EURCZK=X,EUR/CZK
2026-03-03 22:00:00+00:00,24.31100082397461,24.31100082397461,24.339000701904297,24.273000717163086,24.273000717163086,0,EURCZK=X,EUR/CZK
2026-03-03 23:00:00+00:00,24.355199813842773,24.355199813842773,24.371000289916992,24.277000427246094,24.277999877929688,0,EURCZK=X,EUR/CZK
2026-03-04 00:00:00+00:00,24.359699249267578,24.359699249267578,24.36750030517578,24.308000564575195,24.335399627685547,0,EURCZK=X,EUR/CZK
2026-03-04 01:00:00+00:00,24.358699798583984,24.358699798583984,24.366199493408203,24.299999237060547,24.361400604248047,0,EURCZK=X,EUR/CZK
2026-03-04 02:00:00+00:00,24.361499786376953,24.361499786376953,24.366500854492188,24.302000045776367,24.36079978942871,0,EURCZK=X,EUR/CZK
2026-03-04 03:00:00+00:00,24.360200881958008,24.360200881958008,24.366500854492188,24.301000595092773,24.359100341796875,0,EURCZK=X,EUR/CZK
2026-03-04 04:00:00+00:00,24.354000091552734,24.354000091552734,24.36280059814453,24.246999740600586,24.35930061340332,0,EURCZK=X,EUR/CZK
2026-03-04 05:00:00+00:00,24.35580062866211,24.35580062866211,24.361900329589844,24.257999420166016,24.350400924682617,0,EURCZK=X,EUR/CZK
2026-03-04 06:00:00+00:00,24.334999084472656,24.334999084472656,24.383100509643555,24.25,24.354299545288086,0,EURCZK=X,EUR/CZK
2026-03-04 07:00:00+00:00,24.36280059814453,24.36280059814453,24.38759994506836,24.27400016784668,24.37470054626465,0,EURCZK=X,EUR/CZK
2026-03-04 08:00:00+00:00,24.40290069580078,24.40290069580078,24.41230010986328,24.305999755859375,24.36199951171875,0,EURCZK=X,EUR/CZK
2026-03-04 09:00:00+00:00,24.35770034790039,24.35770034790039,24.412700653076172,24.312999725341797,24.40290069580078,0,EURCZK=X,EUR/CZK
2026-03-04 10:00:00+00:00,24.345199584960938,24.345199584960938,24.372499465942383,24.28499984741211,24.358299255371094,0,EURCZK=X,EUR/CZK
2026-03-04 11:00:00+00:00,24.369300842285156,24.369300842285156,24.371400833129883,24.29800033569336,24.345199584960938,0,EURCZK=X,EUR/CZK
2026-03-04 12:00:00+00:00,24.366199493408203,24.366199493408203,24.375,24.31100082397461,24.369300842285156,0,EURCZK=X,EUR/CZK
2026-03-04 13:00:00+00:00,24.36359977722168,24.36359977722168,24.37030029296875,24.29800033569336,24.366199493408203,0,EURCZK=X,EUR/CZK
2026-03-04 14:00:00+00:00,24.361799240112305,24.361799240112305,24.38450050354004,24.30299949645996,24.36359977722168,0,EURCZK=X,EUR/CZK
2026-03-04 15:00:00+00:00,24.368999481201172,24.368999481201172,24.382099151611328,24.29400062561035,24.361799240112305,0,EURCZK=X,EUR/CZK
2026-03-04 16:00:00+00:00,24.3705997467041,24.3705997467041,24.376399993896484,24.315000534057617,24.368999481201172,0,EURCZK=X,EUR/CZK
2026-03-04 17:00:00+00:00,24.361799240112305,24.361799240112305,24.373600006103516,24.30299949645996,24.3705997467041,0,EURCZK=X,EUR/CZK
2026-03-04 18:00:00+00:00,24.358299255371094,24.358299255371094,24.365100860595703,24.30299949645996,24.361799240112305,0,EURCZK=X,EUR/CZK
2026-03-04 19:00:00+00:00,24.355199813842773,24.355199813842773,24.358600616455078,24.30699920654297,24.357500076293945,0,EURCZK=X,EUR/CZK
2026-03-04 20:00:00+00:00,24.36440086364746,24.36440086364746,24.367799758911133,24.30699920654297,24.354799270629883,0,EURCZK=X,EUR/CZK
2026-03-04 21:00:00+00:00,24.312999725341797,24.312999725341797,24.385299682617188,24.30500030517578,24.36389923095703,0,EURCZK=X,EUR/CZK
2026-03-04 22:00:00+00:00,24.3164005279541,24.3164005279541,24.351999282836914,24.315900802612305,24.351999282836914,0,EURCZK=X,EUR/CZK
2026-03-04 23:00:00+00:00,24.348800659179688,24.348800659179688,24.35700035095215,24.312999725341797,24.316299438476562,0,EURCZK=X,EUR/CZK
2026-03-05 00:00:00+00:00,24.363100051879883,24.363100051879883,24.367399215698242,24.30699920654297,24.34939956665039,0,EURCZK=X,EUR/CZK
2026-03-05 01:00:00+00:00,24.32200050354004,24.32200050354004,24.368099212646484,24.30699920654297,24.36210060119629,0,EURCZK=X,EUR/CZK
2026-03-05 02:00:00+00:00,24.377099990844727,24.377099990844727,24.384899139404297,24.309999465942383,24.364700317382812,0,EURCZK=X,EUR/CZK
2026-03-05 03:00:00+00:00,24.382600784301758,24.382600784301758,24.385299682617188,24.31599998474121,24.377099990844727,0,EURCZK=X,EUR/CZK
2026-03-05 04:00:00+00:00,24.378000259399414,24.378000259399414,24.385900497436523,24.322999954223633,24.38360023498535,0,EURCZK=X,EUR/CZK
2026-03-05 05:00:00+00:00,24.38409996032715,24.38409996032715,24.38640022277832,24.339000701904297,24.34000015258789,0,EURCZK=X,EUR/CZK
2026-03-05 06:00:00+00:00,24.377899169921875,24.377899169921875,24.38640022277832,24.339000701904297,24.385000228881836,0,EURCZK=X,EUR/CZK
2026-03-05 07:00:00+00:00,24.393800735473633,24.393800735473633,24.40570068359375,24.332000732421875,24.384599685668945,0,EURCZK=X,EUR/CZK
2026-03-05 08:00:00+00:00,24.386499404907227,24.386499404907227,24.40880012512207,24.339000701904297,24.393800735473633,0,EURCZK=X,EUR/CZK
2026-03-05 09:00:00+00:00,24.38290023803711,24.38290023803711,24.392200469970703,24.29800033569336,24.386499404907227,0,EURCZK=X,EUR/CZK
2026-03-05 10:00:00+00:00,24.385000228881836,24.385000228881836,24.388900756835938,24.329999923706055,24.38290023803711,0,EURCZK=X,EUR/CZK
2026-03-05 11:00:00+00:00,24.393699645996094,24.393699645996094,24.397499084472656,24.326000213623047,24.385000228881836,0,EURCZK=X,EUR/CZK
2026-03-05 12:00:00+00:00,24.387100219726562,24.387100219726562,24.40049934387207,24.339000701904297,24.393699645996094,0,EURCZK=X,EUR/CZK
2026-03-05 13:00:00+00:00,24.3843994140625,24.3843994140625,24.393299102783203,24.327999114990234,24.387100219726562,0,EURCZK=X,EUR/CZK
2026-03-05 14:00:00+00:00,24.3518009185791,24.3518009185791,24.38599967956543,24.30500030517578,24.3843994140625,0,EURCZK=X,EUR/CZK
2026-03-05 15:00:00+00:00,24.312999725341797,24.312999725341797,24.36549949645996,24.301000595092773,24.3518009185791,0,EURCZK=X,EUR/CZK
2026-03-05 16:00:00+00:00,24.377199172973633,24.377199172973633,24.396699905395508,24.31100082397461,24.35919952392578,0,EURCZK=X,EUR/CZK
2026-03-05 17:00:00+00:00,24.38129997253418,24.38129997253418,24.38759994506836,24.31599998474121,24.377300262451172,0,EURCZK=X,EUR/CZK
2026-03-05 18:00:00+00:00,24.40399932861328,24.40399932861328,24.404499053955078,24.33099937438965,24.38129997253418,0,EURCZK=X,EUR/CZK
2026-03-05 19:00:00+00:00,24.408700942993164,24.408700942993164,24.411100387573242,24.3439998626709,24.40399932861328,0,EURCZK=X,EUR/CZK
2026-03-05 20:00:00+00:00,24.373899459838867,24.373899459838867,24.40880012512207,24.325000762939453,24.36400032043457,0,EURCZK=X,EUR/CZK
2026-03-05 21:00:00+00:00,24.34000015258789,24.34000015258789,24.374399185180664,24.31399917602539,24.37380027770996,0,EURCZK=X,EUR/CZK
2026-03-05 22:00:00+00:00,24.36400032043457,24.36400032043457,24.378999710083008,24.32699966430664,24.32699966430664,0,EURCZK=X,EUR/CZK
2026-03-05 23:00:00+00:00,24.364299774169922,24.364299774169922,24.37700080871582,24.346099853515625,24.355300903320312,0,EURCZK=X,EUR/CZK
2026-03-06 00:00:00+00:00,24.329999923706055,24.329999923706055,24.375999450683594,24.325000762939453,24.36680030822754,0,EURCZK=X,EUR/CZK
2026-03-06 01:00:00+00:00,24.372100830078125,24.372100830078125,24.374900817871094,24.325000762939453,24.32900047302246,0,EURCZK=X,EUR/CZK
2026-03-06 02:00:00+00:00,24.373699188232422,24.373699188232422,24.375099182128906,24.31599998474121,24.36709976196289,0,EURCZK=X,EUR/CZK
2026-03-06 03:00:00+00:00,24.33300018310547,24.33300018310547,24.375600814819336,24.325000762939453,24.37310028076172,0,EURCZK=X,EUR/CZK
2026-03-06 04:00:00+00:00,24.372499465942383,24.372499465942383,24.37529945373535,24.326000213623047,24.373300552368164,0,EURCZK=X,EUR/CZK
2026-03-06 05:00:00+00:00,24.33099937438965,24.33099937438965,24.375,24.32699966430664,24.37299919128418,0,EURCZK=X,EUR/CZK
2026-03-06 06:00:00+00:00,24.359399795532227,24.359399795532227,24.37420082092285,24.322999954223633,24.37310028076172,0,EURCZK=X,EUR/CZK
2026-03-06 07:00:00+00:00,24.37660026550293,24.37660026550293,24.379499435424805,24.29199981689453,24.353700637817383,0,EURCZK=X,EUR/CZK
2026-03-06 08:00:00+00:00,24.388099670410156,24.388099670410156,24.398700714111328,24.32900047302246,24.375900268554688,0,EURCZK=X,EUR/CZK
2026-03-06 09:00:00+00:00,24.365100860595703,24.365100860595703,24.43160057067871,24.339000701904297,24.388099670410156,0,EURCZK=X,EUR/CZK
2026-03-06 10:00:00+00:00,24.379899978637695,24.379899978637695,24.38629913330078,24.285999298095703,24.370500564575195,0,EURCZK=X,EUR/CZK
2026-03-06 11:00:00+00:00,24.40570068359375,24.40570068359375,24.41080093383789,24.333999633789062,24.379899978637695,0,EURCZK=X,EUR/CZK
2026-03-06 12:00:00+00:00,24.41029930114746,24.41029930114746,24.411300659179688,24.351999282836914,24.40570068359375,0,EURCZK=X,EUR/CZK
2026-03-06 13:00:00+00:00,24.378999710083008,24.378999710083008,24.433900833129883,24.343000411987305,24.41029930114746,0,EURCZK=X,EUR/CZK
2026-03-06 14:00:00+00:00,24.406999588012695,24.406999588012695,24.425899505615234,24.350000381469727,24.423900604248047,0,EURCZK=X,EUR/CZK
2026-03-06 15:00:00+00:00,24.391399383544922,24.391399383544922,24.40760040283203,24.336000442504883,24.406999588012695,0,EURCZK=X,EUR/CZK
2026-03-06 16:00:00+00:00,24.37969970703125,24.37969970703125,24.394800186157227,24.33099937438965,24.391399383544922,0,EURCZK=X,EUR/CZK
2026-03-06 17:00:00+00:00,24.386899948120117,24.386899948120117,24.392900466918945,24.312999725341797,24.37849998474121,0,EURCZK=X,EUR/CZK
2026-03-06 18:00:00+00:00,24.386999130249023,24.386999130249023,24.391799926757812,24.33799934387207,24.386899948120117,0,EURCZK=X,EUR/CZK
2026-03-06 19:00:00+00:00,24.329999923706055,24.329999923706055,24.390100479125977,24.301000595092773,24.386999130249023,0,EURCZK=X,EUR/CZK
2026-03-06 20:00:00+00:00,24.374300003051758,24.374300003051758,24.375999450683594,24.315000534057617,24.374900817871094,0,EURCZK=X,EUR/CZK
2026-03-06 21:00:00+00:00,24.30900001525879,24.30900001525879,24.37969970703125,24.29199981689453,24.37380027770996,0,EURCZK=X,EUR/CZK
2026-03-06 22:00:00+00:00,24.32900047302246,24.32900047302246,24.382999420166016,24.260000228881836,24.260000228881836,0,EURCZK=X,EUR/CZK
2026-03-09 00:00:00+00:00,24.368000030517578,24.368000030517578,24.424999237060547,24.343000411987305,24.4242000579834,0,EURCZK=X,EUR/CZK
2026-03-09 01:00:00+00:00,24.406700134277344,24.406700134277344,24.40880012512207,24.336999893188477,24.398799896240234,0,EURCZK=X,EUR/CZK
2026-03-09 02:00:00+00:00,24.375,24.375,24.424299240112305,24.3700008392334,24.40839958190918,0,EURCZK=X,EUR/CZK
2026-03-09 03:00:00+00:00,24.40999984741211,24.40999984741211,24.414100646972656,24.371000289916992,24.409099578857422,0,EURCZK=X,EUR/CZK
2026-03-09 04:00:00+00:00,24.43120002746582,24.43120002746582,24.433500289916992,24.367000579833984,24.375999450683594,0,EURCZK=X,EUR/CZK
2026-03-09 05:00:00+00:00,24.41029930114746,24.41029930114746,24.44179916381836,24.367000579833984,24.430099487304688,0,EURCZK=X,EUR/CZK
2026-03-09 06:00:00+00:00,24.42609977722168,24.42609977722168,24.43790054321289,24.37299919128418,24.410400390625,0,EURCZK=X,EUR/CZK
2026-03-09 07:00:00+00:00,24.439199447631836,24.439199447631836,24.444299697875977,24.39299964904785,24.426000595092773,0,EURCZK=X,EUR/CZK
2026-03-09 08:00:00+00:00,24.4424991607666,24.4424991607666,24.460800170898438,24.37299919128418,24.439199447631836,0,EURCZK=X,EUR/CZK
2026-03-09 09:00:00+00:00,24.375,24.375,24.452299118041992,24.361000061035156,24.4424991607666,0,EURCZK=X,EUR/CZK
2026-03-09 10:00:00+00:00,24.367000579833984,24.367000579833984,24.420000076293945,24.36400032043457,24.41990089416504,0,EURCZK=X,EUR/CZK
2026-03-09 11:00:00+00:00,24.4148006439209,24.4148006439209,24.429100036621094,24.364999771118164,24.41230010986328,0,EURCZK=X,EUR/CZK
2026-03-09 12:00:00+00:00,24.400699615478516,24.400699615478516,24.421899795532227,24.35300064086914,24.4148006439209,0,EURCZK=X,EUR/CZK
2026-03-09 13:00:00+00:00,24.406299591064453,24.406299591064453,24.414499282836914,24.33799934387207,24.400699615478516,0,EURCZK=X,EUR/CZK
2026-03-09 14:00:00+00:00,24.40730094909668,24.40730094909668,24.418899536132812,24.35099983215332,24.406299591064453,0,EURCZK=X,EUR/CZK
2026-03-09 15:00:00+00:00,24.399999618530273,24.399999618530273,24.407800674438477,24.3439998626709,24.40730094909668,0,EURCZK=X,EUR/CZK
2026-03-09 16:00:00+00:00,24.410999298095703,24.410999298095703,24.416500091552734,24.354999542236328,24.399999618530273,0,EURCZK=X,EUR/CZK
2026-03-09 17:00:00+00:00,24.392000198364258,24.392000198364258,24.438899993896484,24.351999282836914,24.411399841308594,0,EURCZK=X,EUR/CZK
2026-03-09 18:00:00+00:00,24.421899795532227,24.421899795532227,24.437400817871094,24.374000549316406,24.437400817871094,0,EURCZK=X,EUR/CZK
2026-03-09 19:00:00+00:00,24.356399536132812,24.356399536132812,24.421899795532227,24.332000732421875,24.421499252319336,0,EURCZK=X,EUR/CZK
2026-03-09 20:00:00+00:00,24.336999893188477,24.336999893188477,24.37019920349121,24.315000534057617,24.356399536132812,0,EURCZK=X,EUR/CZK
2026-03-09 21:00:00+00:00,24.35099983215332,24.35099983215332,24.385000228881836,24.32900047302246,24.344999313354492,0,EURCZK=X,EUR/CZK
2026-03-09 22:00:00+00:00,24.360300064086914,24.360300064086914,24.38599967956543,24.347999572753906,24.374000549316406,0,EURCZK=X,EUR/CZK
2026-03-09 23:00:00+00:00,24.34429931640625,24.34429931640625,24.391000747680664,24.312000274658203,24.36400032043457,0,EURCZK=X,EUR/CZK
2026-03-10 00:00:00+00:00,24.35219955444336,24.35219955444336,24.353300094604492,24.30299949645996,24.34429931640625,0,EURCZK=X,EUR/CZK
2026-03-10 01:00:00+00:00,24.31100082397461,24.31100082397461,24.353900909423828,24.302000045776367,24.34749984741211,0,EURCZK=X,EUR/CZK
2026-03-10 02:00:00+00:00,24.350099563598633,24.350099563598633,24.354900360107422,24.30299949645996,24.35070037841797,0,EURCZK=X,EUR/CZK
2026-03-10 03:00:00+00:00,24.351900100708008,24.351900100708008,24.358200073242188,24.301000595092773,24.34749984741211,0,EURCZK=X,EUR/CZK
2026-03-10 04:00:00+00:00,24.353599548339844,24.353599548339844,24.354900360107422,24.30900001525879,24.35300064086914,0,EURCZK=X,EUR/CZK
2026-03-10 05:00:00+00:00,24.346900939941406,24.346900939941406,24.353500366210938,24.30900001525879,24.352699279785156,0,EURCZK=X,EUR/CZK
2026-03-10 06:00:00+00:00,24.327499389648438,24.327499389648438,24.35070037841797,24.2810001373291,24.30900001525879,0,EURCZK=X,EUR/CZK
2026-03-10 07:00:00+00:00,24.32859992980957,24.32859992980957,24.34320068359375,24.284000396728516,24.32710075378418,0,EURCZK=X,EUR/CZK
2026-03-10 08:00:00+00:00,24.375,24.375,24.377899169921875,24.29400062561035,24.330699920654297,0,EURCZK=X,EUR/CZK
2026-03-10 09:00:00+00:00,24.35449981689453,24.35449981689453,24.37529945373535,24.30699920654297,24.375,0,EURCZK=X,EUR/CZK
2026-03-10 10:00:00+00:00,24.31100082397461,24.31100082397461,24.366500854492188,24.30900001525879,24.35449981689453,0,EURCZK=X,EUR/CZK
2026-03-10 11:00:00+00:00,24.354000091552734,24.354000091552734,24.357900619506836,24.29599952697754,24.312000274658203,0,EURCZK=X,EUR/CZK
2026-03-10 12:00:00+00:00,24.375900268554688,24.375900268554688,24.377599716186523,24.309999465942383,24.354000091552734,0,EURCZK=X,EUR/CZK
2026-03-10 13:00:00+00:00,24.378299713134766,24.378299713134766,24.388700485229492,24.31999969482422,24.375900268554688,0,EURCZK=X,EUR/CZK
2026-03-10 14:00:00+00:00,24.38610076904297,24.38610076904297,24.394399642944336,24.336000442504883,24.378299713134766,0,EURCZK=X,EUR/CZK
2026-03-10 15:00:00+00:00,24.34600067138672,24.34600067138672,24.399999618530273,24.32900047302246,24.384599685668945,0,EURCZK=X,EUR/CZK
2026-03-10 16:00:00+00:00,24.390899658203125,24.390899658203125,24.399799346923828,24.31999969482422,24.390600204467773,0,EURCZK=X,EUR/CZK
2026-03-10 17:00:00+00:00,24.336000442504883,24.336000442504883,24.39430046081543,24.332000732421875,24.39189910888672,0,EURCZK=X,EUR/CZK
2026-03-10 18:00:00+00:00,24.390300750732422,24.390300750732422,24.39389991760254,24.332000732421875,24.3789005279541,0,EURCZK=X,EUR/CZK
2026-03-10 19:00:00+00:00,24.397300720214844,24.397300720214844,24.399999618530273,24.3439998626709,24.390199661254883,0,EURCZK=X,EUR/CZK
2026-03-10 20:00:00+00:00,24.363500595092773,24.363500595092773,24.405099868774414,24.340999603271484,24.396900177001953,0,EURCZK=X,EUR/CZK
2026-03-10 21:00:00+00:00,24.36400032043457,24.36400032043457,24.391399383544922,24.342500686645508,24.371000289916992,0,EURCZK=X,EUR/CZK
2026-03-10 22:00:00+00:00,24.327999114990234,24.327999114990234,24.381000518798828,24.325000762939453,24.378999710083008,0,EURCZK=X,EUR/CZK
2026-03-10 23:00:00+00:00,24.375999450683594,24.375999450683594,24.375999450683594,24.322999954223633,24.32900047302246,0,EURCZK=X,EUR/CZK
2026-03-11 00:00:00+00:00,24.384700775146484,24.384700775146484,24.387699127197266,24.327999114990234,24.362600326538086,0,EURCZK=X,EUR/CZK
2026-03-11 01:00:00+00:00,24.381000518798828,24.381000518798828,24.393699645996094,24.341999053955078,24.384700775146484,0,EURCZK=X,EUR/CZK
2026-03-11 02:00:00+00:00,24.383100509643555,24.383100509643555,24.389999389648438,24.33799934387207,24.347000122070312,0,EURCZK=X,EUR/CZK
2026-03-11 03:00:00+00:00,24.381500244140625,24.381500244140625,24.384000778198242,24.378999710083008,24.383100509643555,0,EURCZK=X,EUR/CZK
2026-03-11 04:00:00+00:00,24.382099151611328,24.382099151611328,24.383699417114258,24.378999710083008,24.381500244140625,0,EURCZK=X,EUR/CZK
2026-03-11 05:00:00+00:00,24.381200790405273,24.381200790405273,24.38479995727539,24.378999710083008,24.382099151611328,0,EURCZK=X,EUR/CZK
2026-03-11 06:00:00+00:00,24.377599716186523,24.377599716186523,24.385900497436523,24.34000015258789,24.382200241088867,0,EURCZK=X,EUR/CZK
2026-03-11 07:00:00+00:00,24.397300720214844,24.397300720214844,24.402700424194336,24.336999893188477,24.377599716186523,0,EURCZK=X,EUR/CZK
2026-03-11 08:00:00+00:00,24.394100189208984,24.394100189208984,24.413700103759766,24.332000732421875,24.397300720214844,0,EURCZK=X,EUR/CZK
2026-03-11 09:00:00+00:00,24.400800704956055,24.400800704956055,24.40180015563965,24.341999053955078,24.394100189208984,0,EURCZK=X,EUR/CZK
2026-03-11 10:00:00+00:00,24.372900009155273,24.372900009155273,24.40130043029785,24.312999725341797,24.400800704956055,0,EURCZK=X,EUR/CZK
2026-03-11 11:00:00+00:00,24.37190055847168,24.37190055847168,24.379100799560547,24.31399917602539,24.373199462890625,0,EURCZK=X,EUR/CZK
2026-03-11 12:00:00+00:00,24.375,24.375,24.37820053100586,24.316999435424805,24.371999740600586,0,EURCZK=X,EUR/CZK
2026-03-11 13:00:00+00:00,24.363000869750977,24.363000869750977,24.378599166870117,24.309999465942383,24.375,0,EURCZK=X,EUR/CZK
2026-03-11 14:00:00+00:00,24.359899520874023,24.359899520874023,24.364200592041016,24.30299949645996,24.31800079345703,0,EURCZK=X,EUR/CZK
2026-03-11 15:00:00+00:00,24.387800216674805,24.387800216674805,24.38789939880371,24.30900001525879,24.359899520874023,0,EURCZK=X,EUR/CZK
2026-03-11 16:00:00+00:00,24.38479995727539,24.38479995727539,24.388900756835938,24.33300018310547,24.387800216674805,0,EURCZK=X,EUR/CZK
2026-03-11 17:00:00+00:00,24.387699127197266,24.387699127197266,24.393699645996094,24.325000762939453,24.3843994140625,0,EURCZK=X,EUR/CZK
2026-03-11 18:00:00+00:00,24.386600494384766,24.386600494384766,24.38949966430664,24.340999603271484,24.38680076599121,0,EURCZK=X,EUR/CZK
2026-03-11 19:00:00+00:00,24.38629913330078,24.38629913330078,24.388900756835938,24.343000411987305,24.385099411010742,0,EURCZK=X,EUR/CZK
2026-03-11 20:00:00+00:00,24.34910011291504,24.34910011291504,24.391399383544922,24.33099937438965,24.38629913330078,0,EURCZK=X,EUR/CZK
2026-03-11 21:00:00+00:00,24.332300186157227,24.332300186157227,24.375999450683594,24.319000244140625,24.349000930786133,0,EURCZK=X,EUR/CZK
2026-03-11 22:00:00+00:00,24.35110092163086,24.35110092163086,24.371000289916992,24.327999114990234,24.33209991455078,0,EURCZK=X,EUR/CZK
2026-03-11 23:00:00+00:00,24.368000030517578,24.368000030517578,24.3700008392334,24.347200393676758,24.350500106811523,0,EURCZK=X,EUR/CZK
2026-03-12 00:00:00+00:00,24.37660026550293,24.37660026550293,24.38800048828125,24.319000244140625,24.364099502563477,0,EURCZK=X,EUR/CZK
2026-03-12 01:00:00+00:00,24.38719940185547,24.38719940185547,24.38719940185547,24.343000411987305,24.37660026550293,0,EURCZK=X,EUR/CZK
2026-03-12 02:00:00+00:00,24.394399642944336,24.394399642944336,24.395999908447266,24.343000411987305,24.38719940185547,0,EURCZK=X,EUR/CZK
2026-03-12 03:00:00+00:00,24.394699096679688,24.394699096679688,24.39780044555664,24.35099983215332,24.394500732421875,0,EURCZK=X,EUR/CZK
2026-03-12 04:00:00+00:00,24.39900016784668,24.39900016784668,24.399999618530273,24.349000930786133,24.394800186157227,0,EURCZK=X,EUR/CZK
2026-03-12 05:00:00+00:00,24.396499633789062,24.396499633789062,24.402700424194336,24.388999938964844,24.399200439453125,0,EURCZK=X,EUR/CZK
2026-03-12 06:00:00+00:00,24.385299682617188,24.385299682617188,24.397199630737305,24.347999572753906,24.3966007232666,0,EURCZK=X,EUR/CZK
2026-03-12 07:00:00+00:00,24.393800735473633,24.393800735473633,24.401100158691406,24.340999603271484,24.385299682617188,0,EURCZK=X,EUR/CZK
2026-03-12 08:00:00+00:00,24.399900436401367,24.399900436401367,24.405000686645508,24.336999893188477,24.393800735473633,0,EURCZK=X,EUR/CZK
2026-03-12 09:00:00+00:00,24.391199111938477,24.391199111938477,24.401100158691406,24.343000411987305,24.401100158691406,0,EURCZK=X,EUR/CZK
2026-03-12 10:00:00+00:00,24.395700454711914,24.395700454711914,24.404600143432617,24.340999603271484,24.391199111938477,0,EURCZK=X,EUR/CZK
2026-03-12 11:00:00+00:00,24.36400032043457,24.36400032043457,24.414600372314453,24.35099983215332,24.396400451660156,0,EURCZK=X,EUR/CZK
2026-03-12 12:00:00+00:00,24.40679931640625,24.40679931640625,24.41320037841797,24.350000381469727,24.409700393676758,0,EURCZK=X,EUR/CZK
2026-03-12 13:00:00+00:00,24.425100326538086,24.425100326538086,24.426300048828125,24.351999282836914,24.40679931640625,0,EURCZK=X,EUR/CZK
2026-03-12 14:00:00+00:00,24.375,24.375,24.43429946899414,24.3700008392334,24.425100326538086,0,EURCZK=X,EUR/CZK
2026-03-12 15:00:00+00:00,24.44070053100586,24.44070053100586,24.444000244140625,24.371999740600586,24.37700080871582,0,EURCZK=X,EUR/CZK
2026-03-12 16:00:00+00:00,24.427099227905273,24.427099227905273,24.442800521850586,24.3799991607666,24.44070053100586,0,EURCZK=X,EUR/CZK
2026-03-12 17:00:00+00:00,24.436599731445312,24.436599731445312,24.436599731445312,24.3799991607666,24.427099227905273,0,EURCZK=X,EUR/CZK
2026-03-12 18:00:00+00:00,24.44260025024414,24.44260025024414,24.44499969482422,24.392000198364258,24.4375,0,EURCZK=X,EUR/CZK
2026-03-12 19:00:00+00:00,24.44179916381836,24.44179916381836,24.44260025024414,24.395999908447266,24.44260025024414,0,EURCZK=X,EUR/CZK
2026-03-12 20:00:00+00:00,24.39699935913086,24.39699935913086,24.455900192260742,24.392000198364258,24.44179916381836,0,EURCZK=X,EUR/CZK
2026-03-12 21:00:00+00:00,24.423999786376953,24.423999786376953,24.423999786376953,24.38789939880371,24.38800048828125,0,EURCZK=X,EUR/CZK
2026-03-12 22:00:00+00:00,24.403099060058594,24.403099060058594,24.426300048828125,24.3799991607666,24.393999099731445,0,EURCZK=X,EUR/CZK
2026-03-12 23:00:00+00:00,24.41699981689453,24.41699981689453,24.42099952697754,24.361000061035156,24.403099060058594,0,EURCZK=X,EUR/CZK
2026-03-13 00:00:00+00:00,24.416799545288086,24.416799545288086,24.425199508666992,24.381000518798828,24.381999969482422,0,EURCZK=X,EUR/CZK
2026-03-13 01:00:00+00:00,24.42639923095703,24.42639923095703,24.427099227905273,24.416799545288086,24.416799545288086,0,EURCZK=X,EUR/CZK
2026-03-13 02:00:00+00:00,24.42620086669922,24.42620086669922,24.426799774169922,24.41699981689453,24.42639923095703,0,EURCZK=X,EUR/CZK
2026-03-13 03:00:00+00:00,24.425100326538086,24.425100326538086,24.42639923095703,24.384000778198242,24.42620086669922,0,EURCZK=X,EUR/CZK
2026-03-13 04:00:00+00:00,24.417499542236328,24.417499542236328,24.426700592041016,24.413000106811523,24.425199508666992,0,EURCZK=X,EUR/CZK
2026-03-13 05:00:00+00:00,24.41790008544922,24.41790008544922,24.42300033569336,24.381000518798828,24.417499542236328,0,EURCZK=X,EUR/CZK
2026-03-13 06:00:00+00:00,24.422800064086914,24.422800064086914,24.42799949645996,24.385000228881836,24.41790008544922,0,EURCZK=X,EUR/CZK
2026-03-13 07:00:00+00:00,24.441699981689453,24.441699981689453,24.458499908447266,24.38800048828125,24.429399490356445,0,EURCZK=X,EUR/CZK
2026-03-13 08:00:00+00:00,24.428199768066406,24.428199768066406,24.479700088500977,24.381999969482422,24.444700241088867,0,EURCZK=X,EUR/CZK
2026-03-13 09:00:00+00:00,24.42799949645996,24.42799949645996,24.453500747680664,24.378999710083008,24.427499771118164,0,EURCZK=X,EUR/CZK
2026-03-13 10:00:00+00:00,24.43120002746582,24.43120002746582,24.444400787353516,24.3799991607666,24.427799224853516,0,EURCZK=X,EUR/CZK
2026-03-13 11:00:00+00:00,24.44099998474121,24.44099998474121,24.447900772094727,24.381000518798828,24.43120002746582,0,EURCZK=X,EUR/CZK
2026-03-13 12:00:00+00:00,24.427900314331055,24.427900314331055,24.45789909362793,24.381999969482422,24.441200256347656,0,EURCZK=X,EUR/CZK
2026-03-13 13:00:00+00:00,24.41900062561035,24.41900062561035,24.434799194335938,24.375999450683594,24.427900314331055,0,EURCZK=X,EUR/CZK
2026-03-13 14:00:00+00:00,24.453399658203125,24.453399658203125,24.456199645996094,24.388999938964844,24.42300033569336,0,EURCZK=X,EUR/CZK
2026-03-13 15:00:00+00:00,24.43600082397461,24.43600082397461,24.482999801635742,24.398000717163086,24.453399658203125,0,EURCZK=X,EUR/CZK
2026-03-13 16:00:00+00:00,24.476900100708008,24.476900100708008,24.484399795532227,24.42300033569336,24.48150062561035,0,EURCZK=X,EUR/CZK
2026-03-13 17:00:00+00:00,24.482799530029297,24.482799530029297,24.482999801635742,24.43000030517578,24.476699829101562,0,EURCZK=X,EUR/CZK
2026-03-13 18:00:00+00:00,24.427000045776367,24.427000045776367,24.484399795532227,24.41900062561035,24.482799530029297,0,EURCZK=X,EUR/CZK
2026-03-13 19:00:00+00:00,24.470800399780273,24.470800399780273,24.472200393676758,24.402999877929688,24.470199584960938,0,EURCZK=X,EUR/CZK
2026-03-13 20:00:00+00:00,24.413999557495117,24.413999557495117,24.47170066833496,24.361000061035156,24.47100067138672,0,EURCZK=X,EUR/CZK
2026-03-13 21:00:00+00:00,24.437000274658203,24.437000274658203,24.469999313354492,24.329999923706055,24.3700008392334,0,EURCZK=X,EUR/CZK
2026-03-13 22:00:00+00:00,24.437000274658203,24.437000274658203,24.437000274658203,24.437000274658203,24.437000274658203,0,EURCZK=X,EUR/CZK
2026-03-16 00:00:00+00:00,24.45319938659668,24.45319938659668,24.46500015258789,24.408000946044922,24.455299377441406,0,EURCZK=X,EUR/CZK
2026-03-16 01:00:00+00:00,24.465099334716797,24.465099334716797,24.46660041809082,24.408000946044922,24.453500747680664,0,EURCZK=X,EUR/CZK
2026-03-16 02:00:00+00:00,24.458099365234375,24.458099365234375,24.466699600219727,24.413999557495117,24.458499908447266,0,EURCZK=X,EUR/CZK
2026-03-16 03:00:00+00:00,24.465499877929688,24.465499877929688,24.467500686645508,24.415000915527344,24.459299087524414,0,EURCZK=X,EUR/CZK
2026-03-16 04:00:00+00:00,24.46470069885254,24.46470069885254,24.467599868774414,24.457000732421875,24.458499908447266,0,EURCZK=X,EUR/CZK
2026-03-16 05:00:00+00:00,24.452800750732422,24.452800750732422,24.466999053955078,24.410999298095703,24.45800018310547,0,EURCZK=X,EUR/CZK
2026-03-16 06:00:00+00:00,24.454999923706055,24.454999923706055,24.462200164794922,24.44409942626953,24.452800750732422,0,EURCZK=X,EUR/CZK
2026-03-16 07:00:00+00:00,24.443500518798828,24.443500518798828,24.45439910888672,24.391000747680664,24.44770050048828,0,EURCZK=X,EUR/CZK
2026-03-16 08:00:00+00:00,24.44499969482422,24.44499969482422,24.472900390625,24.39900016784668,24.443500518798828,0,EURCZK=X,EUR/CZK
2026-03-16 09:00:00+00:00,24.433900833129883,24.433900833129883,24.453899383544922,24.38599967956543,24.44499969482422,0,EURCZK=X,EUR/CZK
2026-03-16 10:00:00+00:00,24.425600051879883,24.425600051879883,24.444000244140625,24.378000259399414,24.433900833129883,0,EURCZK=X,EUR/CZK
2026-03-16 11:00:00+00:00,24.385000228881836,24.385000228881836,24.44029998779297,24.381000518798828,24.425600051879883,0,EURCZK=X,EUR/CZK
2026-03-16 12:00:00+00:00,24.431699752807617,24.431699752807617,24.441999435424805,24.381000518798828,24.43199920654297,0,EURCZK=X,EUR/CZK
2026-03-16 13:00:00+00:00,24.44099998474121,24.44099998474121,24.447999954223633,24.384000778198242,24.431699752807617,0,EURCZK=X,EUR/CZK
2026-03-16 14:00:00+00:00,24.443500518798828,24.443500518798828,24.451900482177734,24.385000228881836,24.44099998474121,0,EURCZK=X,EUR/CZK
2026-03-16 15:00:00+00:00,24.447799682617188,24.447799682617188,24.456100463867188,24.395000457763672,24.443500518798828,0,EURCZK=X,EUR/CZK
2026-03-16 16:00:00+00:00,24.456300735473633,24.456300735473633,24.46339988708496,24.39699935913086,24.447799682617188,0,EURCZK=X,EUR/CZK
2026-03-16 17:00:00+00:00,24.449199676513672,24.449199676513672,24.46179962158203,24.40399932861328,24.45240020751953,0,EURCZK=X,EUR/CZK
2026-03-16 18:00:00+00:00,24.405000686645508,24.405000686645508,24.458499908447266,24.402999877929688,24.449899673461914,0,EURCZK=X,EUR/CZK
2026-03-16 19:00:00+00:00,24.443099975585938,24.443099975585938,24.4601993560791,24.39299964904785,24.451400756835938,0,EURCZK=X,EUR/CZK
2026-03-16 20:00:00+00:00,24.400999069213867,24.400999069213867,24.45210075378418,24.381999969482422,24.438100814819336,0,EURCZK=X,EUR/CZK
2026-03-16 21:00:00+00:00,24.41360092163086,24.41360092163086,24.45330047607422,24.40169906616211,24.413999557495117,0,EURCZK=X,EUR/CZK
2026-03-16 22:00:00+00:00,24.43090057373047,24.43090057373047,24.454599380493164,24.402999877929688,24.41390037536621,0,EURCZK=X,EUR/CZK
2026-03-16 23:00:00+00:00,24.43429946899414,24.43429946899414,24.45439910888672,24.402999877929688,24.43120002746582,0,EURCZK=X,EUR/CZK
2026-03-17 00:00:00+00:00,24.43440055847168,24.43440055847168,24.455900192260742,24.375999450683594,24.434900283813477,0,EURCZK=X,EUR/CZK
2026-03-17 01:00:00+00:00,24.421499252319336,24.421499252319336,24.43939971923828,24.385000228881836,24.424800872802734,0,EURCZK=X,EUR/CZK
2026-03-17 02:00:00+00:00,24.435199737548828,24.435199737548828,24.438600540161133,24.385000228881836,24.42140007019043,0,EURCZK=X,EUR/CZK
2026-03-17 03:00:00+00:00,24.427400588989258,24.427400588989258,24.436899185180664,24.38599967956543,24.427099227905273,0,EURCZK=X,EUR/CZK
2026-03-17 04:00:00+00:00,24.434200286865234,24.434200286865234,24.438600540161133,24.38599967956543,24.38599967956543,0,EURCZK=X,EUR/CZK
2026-03-17 05:00:00+00:00,24.43869972229004,24.43869972229004,24.43869972229004,24.381999969482422,24.42340087890625,0,EURCZK=X,EUR/CZK
2026-03-17 06:00:00+00:00,24.406999588012695,24.406999588012695,24.45789909362793,24.384000778198242,24.427000045776367,0,EURCZK=X,EUR/CZK
2026-03-17 07:00:00+00:00,24.443599700927734,24.443599700927734,24.454200744628906,24.395000457763672,24.44890022277832,0,EURCZK=X,EUR/CZK
2026-03-17 08:00:00+00:00,24.444499969482422,24.444499969482422,24.4596004486084,24.39299964904785,24.443599700927734,0,EURCZK=X,EUR/CZK
2026-03-17 09:00:00+00:00,24.44260025024414,24.44260025024414,24.461299896240234,24.389999389648438,24.444499969482422,0,EURCZK=X,EUR/CZK
2026-03-17 10:00:00+00:00,24.4552001953125,24.4552001953125,24.457599639892578,24.392000198364258,24.44260025024414,0,EURCZK=X,EUR/CZK
2026-03-17 11:00:00+00:00,24.45400047302246,24.45400047302246,24.465999603271484,24.392000198364258,24.4552001953125,0,EURCZK=X,EUR/CZK
2026-03-17 12:00:00+00:00,24.439899444580078,24.439899444580078,24.450899124145508,24.38800048828125,24.450899124145508,0,EURCZK=X,EUR/CZK
2026-03-17 13:00:00+00:00,24.42799949645996,24.42799949645996,24.444799423217773,24.3799991607666,24.437000274658203,0,EURCZK=X,EUR/CZK
2026-03-17 14:00:00+00:00,24.424299240112305,24.424299240112305,24.44529914855957,24.375999450683594,24.42799949645996,0,EURCZK=X,EUR/CZK
2026-03-17 15:00:00+00:00,24.44219970703125,24.44219970703125,24.45639991760254,24.378000259399414,24.424299240112305,0,EURCZK=X,EUR/CZK
2026-03-17 16:00:00+00:00,24.423500061035156,24.423500061035156,24.452800750732422,24.381000518798828,24.395999908447266,0,EURCZK=X,EUR/CZK
2026-03-17 17:00:00+00:00,24.431400299072266,24.431400299072266,24.439699172973633,24.382999420166016,24.427799224853516,0,EURCZK=X,EUR/CZK
2026-03-17 18:00:00+00:00,24.42919921875,24.42919921875,24.43549919128418,24.423500061035156,24.425500869750977,0,EURCZK=X,EUR/CZK
2026-03-17 19:00:00+00:00,24.42650032043457,24.42650032043457,24.43869972229004,24.382999420166016,24.426000595092773,0,EURCZK=X,EUR/CZK
2026-03-17 20:00:00+00:00,24.3799991607666,24.3799991607666,24.438400268554688,24.378999710083008,24.42650032043457,0,EURCZK=X,EUR/CZK
2026-03-17 21:00:00+00:00,24.40850067138672,24.40850067138672,24.444299697875977,24.384000778198242,24.389999389648438,0,EURCZK=X,EUR/CZK
2026-03-17 22:00:00+00:00,24.43269920349121,24.43269920349121,24.43470001220703,24.401599884033203,24.40850067138672,0,EURCZK=X,EUR/CZK
2026-03-17 23:00:00+00:00,24.414400100708008,24.414400100708008,24.433399200439453,24.412700653076172,24.414899826049805,0,EURCZK=X,EUR/CZK
2026-03-18 00:00:00+00:00,24.42569923400879,24.42569923400879,24.43899917602539,24.381999969482422,24.415300369262695,0,EURCZK=X,EUR/CZK
2026-03-18 01:00:00+00:00,24.438499450683594,24.438499450683594,24.43910026550293,24.386999130249023,24.42569923400879,0,EURCZK=X,EUR/CZK
2026-03-18 02:00:00+00:00,24.436199188232422,24.436199188232422,24.441699981689453,24.424100875854492,24.432300567626953,0,EURCZK=X,EUR/CZK
2026-03-18 03:00:00+00:00,24.437999725341797,24.437999725341797,24.4419002532959,24.43160057067871,24.431699752807617,0,EURCZK=X,EUR/CZK
2026-03-18 04:00:00+00:00,24.431400299072266,24.431400299072266,24.442699432373047,24.42460060119629,24.432199478149414,0,EURCZK=X,EUR/CZK
2026-03-18 05:00:00+00:00,24.424800872802734,24.424800872802734,24.441999435424805,24.384000778198242,24.431400299072266,0,EURCZK=X,EUR/CZK
2026-03-18 06:00:00+00:00,24.422000885009766,24.422000885009766,24.4375,24.384000778198242,24.384000778198242,0,EURCZK=X,EUR/CZK
2026-03-18 07:00:00+00:00,24.421600341796875,24.421600341796875,24.43239974975586,24.375,24.423799514770508,0,EURCZK=X,EUR/CZK
2026-03-18 08:00:00+00:00,24.42840003967285,24.42840003967285,24.434200286865234,24.368999481201172,24.421600341796875,0,EURCZK=X,EUR/CZK
2026-03-18 09:00:00+00:00,24.4143009185791,24.4143009185791,24.43869972229004,24.375999450683594,24.42970085144043,0,EURCZK=X,EUR/CZK
2026-03-18 10:00:00+00:00,24.439899444580078,24.439899444580078,24.441999435424805,24.381000518798828,24.41659927368164,0,EURCZK=X,EUR/CZK
2026-03-18 11:00:00+00:00,24.438899993896484,24.438899993896484,24.448400497436523,24.388999938964844,24.440500259399414,0,EURCZK=X,EUR/CZK
2026-03-18 12:00:00+00:00,24.4606990814209,24.4606990814209,24.466400146484375,24.393999099731445,24.438899993896484,0,EURCZK=X,EUR/CZK
2026-03-18 13:00:00+00:00,24.465299606323242,24.465299606323242,24.46969985961914,24.392000198364258,24.4606990814209,0,EURCZK=X,EUR/CZK
2026-03-18 14:00:00+00:00,24.450300216674805,24.450300216674805,24.465900421142578,24.38800048828125,24.465299606323242,0,EURCZK=X,EUR/CZK
2026-03-18 15:00:00+00:00,24.465099334716797,24.465099334716797,24.47130012512207,24.39699935913086,24.450300216674805,0,EURCZK=X,EUR/CZK
2026-03-18 16:00:00+00:00,24.457700729370117,24.457700729370117,24.472299575805664,24.402000427246094,24.465099334716797,0,EURCZK=X,EUR/CZK
2026-03-18 17:00:00+00:00,24.428199768066406,24.428199768066406,24.46739959716797,24.400999069213867,24.457700729370117,0,EURCZK=X,EUR/CZK
2026-03-18 18:00:00+00:00,24.45680046081543,24.45680046081543,24.464799880981445,24.393999099731445,24.428199768066406,0,EURCZK=X,EUR/CZK
2026-03-18 19:00:00+00:00,24.413000106811523,24.413000106811523,24.469100952148438,24.405000686645508,24.45680046081543,0,EURCZK=X,EUR/CZK
2026-03-18 20:00:00+00:00,24.48859977722168,24.48859977722168,24.500999450683594,24.4060001373291,24.45989990234375,0,EURCZK=X,EUR/CZK
2026-03-18 21:00:00+00:00,24.468299865722656,24.468299865722656,24.495899200439453,24.417999267578125,24.417999267578125,0,EURCZK=X,EUR/CZK
2026-03-18 22:00:00+00:00,24.42449951171875,24.42449951171875,24.469100952148438,24.414899826049805,24.41860008239746,0,EURCZK=X,EUR/CZK
2026-03-18 23:00:00+00:00,24.466999053955078,24.466999053955078,24.479799270629883,24.419700622558594,24.422800064086914,0,EURCZK=X,EUR/CZK
2026-03-19 00:00:00+00:00,24.46649932861328,24.46649932861328,24.478099822998047,24.42300033569336,24.468399047851562,0,EURCZK=X,EUR/CZK
2026-03-19 01:00:00+00:00,24.453699111938477,24.453699111938477,24.48780059814453,24.41699981689453,24.46470069885254,0,EURCZK=X,EUR/CZK
2026-03-19 02:00:00+00:00,24.452199935913086,24.452199935913086,24.459299087524414,24.40399932861328,24.453699111938477,0,EURCZK=X,EUR/CZK
2026-03-19 03:00:00+00:00,24.447500228881836,24.447500228881836,24.457199096679688,24.406999588012695,24.442800521850586,0,EURCZK=X,EUR/CZK
2026-03-19 04:00:00+00:00,24.455699920654297,24.455699920654297,24.455799102783203,24.399999618530273,24.447500228881836,0,EURCZK=X,EUR/CZK
2026-03-19 05:00:00+00:00,24.457599639892578,24.457599639892578,24.4596004486084,24.4060001373291,24.44849967956543,0,EURCZK=X,EUR/CZK
2026-03-19 06:00:00+00:00,24.45949935913086,24.45949935913086,24.471099853515625,24.402000427246094,24.450300216674805,0,EURCZK=X,EUR/CZK
2026-03-19 07:00:00+00:00,24.496999740600586,24.496999740600586,24.513700485229492,24.420000076293945,24.45949935913086,0,EURCZK=X,EUR/CZK
2026-03-19 08:00:00+00:00,24.489500045776367,24.489500045776367,24.50309944152832,24.43899917602539,24.496999740600586,0,EURCZK=X,EUR/CZK
2026-03-19 09:00:00+00:00,24.484500885009766,24.484500885009766,24.498199462890625,24.429000854492188,24.489500045776367,0,EURCZK=X,EUR/CZK
2026-03-19 10:00:00+00:00,24.45400047302246,24.45400047302246,24.51020050048828,24.437000274658203,24.480300903320312,0,EURCZK=X,EUR/CZK
2026-03-19 11:00:00+00:00,24.485700607299805,24.485700607299805,24.51460075378418,24.43899917602539,24.500200271606445,0,EURCZK=X,EUR/CZK
2026-03-19 12:00:00+00:00,24.45599937438965,24.45599937438965,24.51650047302246,24.437000274658203,24.48509979248047,0,EURCZK=X,EUR/CZK
2026-03-19 13:00:00+00:00,24.472400665283203,24.472400665283203,24.523700714111328,24.427000045776367,24.499300003051758,0,EURCZK=X,EUR/CZK
2026-03-19 14:00:00+00:00,24.471500396728516,24.471500396728516,24.494400024414062,24.416000366210938,24.472400665283203,0,EURCZK=X,EUR/CZK
2026-03-19 15:00:00+00:00,24.429000854492188,24.429000854492188,24.48270034790039,24.413999557495117,24.471500396728516,0,EURCZK=X,EUR/CZK
2026-03-19 16:00:00+00:00,24.43600082397461,24.43600082397461,24.48870086669922,24.420000076293945,24.47209930419922,0,EURCZK=X,EUR/CZK
2026-03-19 17:00:00+00:00,24.433000564575195,24.433000564575195,24.490100860595703,24.427000045776367,24.475500106811523,0,EURCZK=X,EUR/CZK
2026-03-19 18:00:00+00:00,24.43899917602539,24.43899917602539,24.49180030822754,24.429000854492188,24.473400115966797,0,EURCZK=X,EUR/CZK
2026-03-19 19:00:00+00:00,24.460800170898438,24.460800170898438,24.48240089416504,24.42099952697754,24.478599548339844,0,EURCZK=X,EUR/CZK
2026-03-19 20:00:00+00:00,24.47719955444336,24.47719955444336,24.47800064086914,24.406999588012695,24.461000442504883,0,EURCZK=X,EUR/CZK
2026-03-19 21:00:00+00:00,24.484500885009766,24.484500885009766,24.486299514770508,24.43600082397461,24.476900100708008,0,EURCZK=X,EUR/CZK
2026-03-19 22:00:00+00:00,24.479900360107422,24.479900360107422,24.484899520874023,24.43199920654297,24.43199920654297,0,EURCZK=X,EUR/CZK
2026-03-19 23:00:00+00:00,24.434999465942383,24.434999465942383,24.483400344848633,24.43400001525879,24.44930076599121,0,EURCZK=X,EUR/CZK
2026-03-20 00:00:00+00:00,24.454200744628906,24.454200744628906,24.47319984436035,24.415000915527344,24.43400001525879,0,EURCZK=X,EUR/CZK
2026-03-20 01:00:00+00:00,24.46299934387207,24.46299934387207,24.466100692749023,24.415000915527344,24.416000366210938,0,EURCZK=X,EUR/CZK
2026-03-20 02:00:00+00:00,24.463499069213867,24.463499069213867,24.468799591064453,24.416000366210938,24.452999114990234,0,EURCZK=X,EUR/CZK
2026-03-20 03:00:00+00:00,24.465499877929688,24.465499877929688,24.469499588012695,24.454999923706055,24.45549964904785,0,EURCZK=X,EUR/CZK
2026-03-20 04:00:00+00:00,24.4552001953125,24.4552001953125,24.4685001373291,24.450300216674805,24.45549964904785,0,EURCZK=X,EUR/CZK
2026-03-20 05:00:00+00:00,24.453399658203125,24.453399658203125,24.46969985961914,24.41200065612793,24.4552001953125,0,EURCZK=X,EUR/CZK
2026-03-20 06:00:00+00:00,24.452699661254883,24.452699661254883,24.468900680541992,24.413000106811523,24.413000106811523,0,EURCZK=X,EUR/CZK
2026-03-20 07:00:00+00:00,24.466899871826172,24.466899871826172,24.486799240112305,24.41200065612793,24.452699661254883,0,EURCZK=X,EUR/CZK
2026-03-20 08:00:00+00:00,24.49139976501465,24.49139976501465,24.493799209594727,24.420000076293945,24.466899871826172,0,EURCZK=X,EUR/CZK
2026-03-20 09:00:00+00:00,24.496700286865234,24.496700286865234,24.507299423217773,24.437999725341797,24.490800857543945,0,EURCZK=X,EUR/CZK
2026-03-20 10:00:00+00:00,24.506000518798828,24.506000518798828,24.518199920654297,24.45599937438965,24.496700286865234,0,EURCZK=X,EUR/CZK
2026-03-20 11:00:00+00:00,24.495500564575195,24.495500564575195,24.510799407958984,24.44300079345703,24.506000518798828,0,EURCZK=X,EUR/CZK
2026-03-20 12:00:00+00:00,24.483400344848633,24.483400344848633,24.501100540161133,24.429000854492188,24.495500564575195,0,EURCZK=X,EUR/CZK
2026-03-20 13:00:00+00:00,24.504600524902344,24.504600524902344,24.51460075378418,24.437000274658203,24.483400344848633,0,EURCZK=X,EUR/CZK
2026-03-20 14:00:00+00:00,24.502500534057617,24.502500534057617,24.517200469970703,24.45400047302246,24.504600524902344,0,EURCZK=X,EUR/CZK
2026-03-20 15:00:00+00:00,24.500900268554688,24.500900268554688,24.5044002532959,24.434999465942383,24.50189971923828,0,EURCZK=X,EUR/CZK
2026-03-20 16:00:00+00:00,24.49850082397461,24.49850082397461,24.511699676513672,24.44700050354004,24.500900268554688,0,EURCZK=X,EUR/CZK
2026-03-20 17:00:00+00:00,24.516700744628906,24.516700744628906,24.524999618530273,24.45400047302246,24.49850082397461,0,EURCZK=X,EUR/CZK
2026-03-20 18:00:00+00:00,24.52239990234375,24.52239990234375,24.529300689697266,24.472000122070312,24.516700744628906,0,EURCZK=X,EUR/CZK
2026-03-20 19:00:00+00:00,24.513900756835938,24.513900756835938,24.524999618530273,24.472000122070312,24.51740074157715,0,EURCZK=X,EUR/CZK
2026-03-20 20:00:00+00:00,24.482799530029297,24.482799530029297,24.521099090576172,24.37299919128418,24.513999938964844,0,EURCZK=X,EUR/CZK
2026-03-20 21:00:00+00:00,24.46179962158203,24.46179962158203,24.571699142456055,24.42799949645996,24.42799949645996,0,EURCZK=X,EUR/CZK
2026-03-20 22:00:00+00:00,24.46179962158203,24.46179962158203,24.46179962158203,24.46179962158203,24.46179962158203,0,EURCZK=X,EUR/CZK
2026-03-23 00:00:00+00:00,24.48080062866211,24.48080062866211,24.5044002532959,24.427000045776367,24.44070053100586,0,EURCZK=X,EUR/CZK
2026-03-23 01:00:00+00:00,24.504899978637695,24.504899978637695,24.506000518798828,24.45400047302246,24.48069953918457,0,EURCZK=X,EUR/CZK
2026-03-23 02:00:00+00:00,24.50670051574707,24.50670051574707,24.508399963378906,24.454999923706055,24.493000030517578,0,EURCZK=X,EUR/CZK
2026-03-23 03:00:00+00:00,24.506200790405273,24.506200790405273,24.50950050354004,24.45599937438965,24.49329948425293,0,EURCZK=X,EUR/CZK
2026-03-23 04:00:00+00:00,24.503599166870117,24.503599166870117,24.507999420166016,24.452999114990234,24.493000030517578,0,EURCZK=X,EUR/CZK
2026-03-23 05:00:00+00:00,24.489700317382812,24.489700317382812,24.50670051574707,24.452999114990234,24.45400047302246,0,EURCZK=X,EUR/CZK
2026-03-23 06:00:00+00:00,24.51449966430664,24.51449966430664,24.521900177001953,24.45800018310547,24.495899200439453,0,EURCZK=X,EUR/CZK
2026-03-23 07:00:00+00:00,24.516199111938477,24.516199111938477,24.525299072265625,24.458999633789062,24.51020050048828,0,EURCZK=X,EUR/CZK
2026-03-23 08:00:00+00:00,24.522300720214844,24.522300720214844,24.52899932861328,24.458999633789062,24.516199111938477,0,EURCZK=X,EUR/CZK
2026-03-23 09:00:00+00:00,24.520700454711914,24.520700454711914,24.540700912475586,24.4689998626709,24.522300720214844,0,EURCZK=X,EUR/CZK
2026-03-23 10:00:00+00:00,24.51129913330078,24.51129913330078,24.53070068359375,24.461000442504883,24.520700454711914,0,EURCZK=X,EUR/CZK
2026-03-23 11:00:00+00:00,24.48550033569336,24.48550033569336,24.5137996673584,24.35099983215332,24.512699127197266,0,EURCZK=X,EUR/CZK
2026-03-23 12:00:00+00:00,24.4335994720459,24.4335994720459,24.489900588989258,24.391000747680664,24.479299545288086,0,EURCZK=X,EUR/CZK
2026-03-23 13:00:00+00:00,24.424699783325195,24.424699783325195,24.45490074157715,24.381999969482422,24.4335994720459,0,EURCZK=X,EUR/CZK
2026-03-23 14:00:00+00:00,24.426300048828125,24.426300048828125,24.441999435424805,24.371999740600586,24.424699783325195,0,EURCZK=X,EUR/CZK
2026-03-23 15:00:00+00:00,24.45509910583496,24.45509910583496,24.471099853515625,24.36400032043457,24.426300048828125,0,EURCZK=X,EUR/CZK
2026-03-23 16:00:00+00:00,24.445199966430664,24.445199966430664,24.464599609375,24.347999572753906,24.45509910583496,0,EURCZK=X,EUR/CZK
2026-03-23 17:00:00+00:00,24.44499969482422,24.44499969482422,24.455299377441406,24.378999710083008,24.445499420166016,0,EURCZK=X,EUR/CZK
2026-03-23 18:00:00+00:00,24.46470069885254,24.46470069885254,24.465599060058594,24.392000198364258,24.44420051574707,0,EURCZK=X,EUR/CZK
2026-03-23 19:00:00+00:00,24.444900512695312,24.444900512695312,24.46030044555664,24.389999389648438,24.450300216674805,0,EURCZK=X,EUR/CZK
2026-03-23 20:00:00+00:00,24.395000457763672,24.395000457763672,24.461999893188477,24.386999130249023,24.445999145507812,0,EURCZK=X,EUR/CZK
2026-03-23 21:00:00+00:00,24.43199920654297,24.43199920654297,24.46179962158203,24.399999618530273,24.405000686645508,0,EURCZK=X,EUR/CZK
2026-03-23 22:00:00+00:00,24.451799392700195,24.451799392700195,24.460399627685547,24.399999618530273,24.402000427246094,0,EURCZK=X,EUR/CZK
2026-03-23 23:00:00+00:00,24.414199829101562,24.414199829101562,24.455699920654297,24.394399642944336,24.400999069213867,0,EURCZK=X,EUR/CZK
2026-03-24 00:00:00+00:00,24.447399139404297,24.447399139404297,24.44890022277832,24.385000228881836,24.41510009765625,0,EURCZK=X,EUR/CZK
2026-03-24 01:00:00+00:00,24.455699920654297,24.455699920654297,24.457000732421875,24.384000778198242,24.42919921875,0,EURCZK=X,EUR/CZK
2026-03-24 02:00:00+00:00,24.45789909362793,24.45789909362793,24.46109962463379,24.405000686645508,24.445100784301758,0,EURCZK=X,EUR/CZK
2026-03-24 03:00:00+00:00,24.444900512695312,24.444900512695312,24.461599349975586,24.405000686645508,24.445199966430664,0,EURCZK=X,EUR/CZK
2026-03-24 04:00:00+00:00,24.413999557495117,24.413999557495117,24.465499877929688,24.402999877929688,24.444900512695312,0,EURCZK=X,EUR/CZK
2026-03-24 05:00:00+00:00,24.45359992980957,24.45359992980957,24.474599838256836,24.413000106811523,24.452199935913086,0,EURCZK=X,EUR/CZK
2026-03-24 06:00:00+00:00,24.455699920654297,24.455699920654297,24.477800369262695,24.42300033569336,24.45359992980957,0,EURCZK=X,EUR/CZK
2026-03-24 07:00:00+00:00,24.452600479125977,24.452600479125977,24.473600387573242,24.406999588012695,24.461200714111328,0,EURCZK=X,EUR/CZK
2026-03-24 08:00:00+00:00,24.424999237060547,24.424999237060547,24.48189926147461,24.413000106811523,24.452600479125977,0,EURCZK=X,EUR/CZK
2026-03-24 09:00:00+00:00,24.473499298095703,24.473499298095703,24.49489974975586,24.42300033569336,24.462900161743164,0,EURCZK=X,EUR/CZK
2026-03-24 10:00:00+00:00,24.437000274658203,24.437000274658203,24.493600845336914,24.43000030517578,24.47319984436035,0,EURCZK=X,EUR/CZK
2026-03-24 11:00:00+00:00,24.471599578857422,24.471599578857422,24.487300872802734,24.415000915527344,24.47949981689453,0,EURCZK=X,EUR/CZK
2026-03-24 12:00:00+00:00,24.464399337768555,24.464399337768555,24.484100341796875,24.40999984741211,24.466800689697266,0,EURCZK=X,EUR/CZK
2026-03-24 13:00:00+00:00,24.458799362182617,24.458799362182617,24.477399826049805,24.413000106811523,24.464399337768555,0,EURCZK=X,EUR/CZK
2026-03-24 14:00:00+00:00,24.439800262451172,24.439800262451172,24.470500946044922,24.3799991607666,24.45789909362793,0,EURCZK=X,EUR/CZK
2026-03-24 15:00:00+00:00,24.450599670410156,24.450599670410156,24.455799102783203,24.389999389648438,24.439800262451172,0,EURCZK=X,EUR/CZK
2026-03-24 16:00:00+00:00,24.39299964904785,24.39299964904785,24.45800018310547,24.382999420166016,24.450599670410156,0,EURCZK=X,EUR/CZK
2026-03-24 17:00:00+00:00,24.439899444580078,24.439899444580078,24.46299934387207,24.384000778198242,24.4424991607666,0,EURCZK=X,EUR/CZK
2026-03-24 18:00:00+00:00,24.44499969482422,24.44499969482422,24.465200424194336,24.389999389648438,24.438400268554688,0,EURCZK=X,EUR/CZK
2026-03-24 19:00:00+00:00,24.4060001373291,24.4060001373291,24.4596004486084,24.389999389648438,24.400999069213867,0,EURCZK=X,EUR/CZK
2026-03-24 20:00:00+00:00,24.38800048828125,24.38800048828125,24.468900680541992,24.38599967956543,24.446500778198242,0,EURCZK=X,EUR/CZK
2026-03-24 21:00:00+00:00,24.446800231933594,24.446800231933594,24.446800231933594,24.389999389648438,24.416799545288086,0,EURCZK=X,EUR/CZK
2026-03-24 22:00:00+00:00,24.439800262451172,24.439800262451172,24.448400497436523,24.389999389648438,24.391000747680664,0,EURCZK=X,EUR/CZK
2026-03-24 23:00:00+00:00,24.42060089111328,24.42060089111328,24.447799682617188,24.391000747680664,24.40089988708496,0,EURCZK=X,EUR/CZK
2026-03-25 00:00:00+00:00,24.431299209594727,24.431299209594727,24.447599411010742,24.382999420166016,24.42060089111328,0,EURCZK=X,EUR/CZK
2026-03-25 01:00:00+00:00,24.43079948425293,24.43079948425293,24.435100555419922,24.3799991607666,24.413700103759766,0,EURCZK=X,EUR/CZK
2026-03-25 02:00:00+00:00,24.43199920654297,24.43199920654297,24.434999465942383,24.414600372314453,24.4148006439209,0,EURCZK=X,EUR/CZK
2026-03-25 03:00:00+00:00,24.431800842285156,24.431800842285156,24.43560028076172,24.419599533081055,24.4197998046875,0,EURCZK=X,EUR/CZK
2026-03-25 04:00:00+00:00,24.430700302124023,24.430700302124023,24.434499740600586,24.41309928894043,24.4197998046875,0,EURCZK=X,EUR/CZK
2026-03-25 05:00:00+00:00,24.435400009155273,24.435400009155273,24.436100006103516,24.414499282836914,24.415300369262695,0,EURCZK=X,EUR/CZK
2026-03-25 06:00:00+00:00,24.434499740600586,24.434499740600586,24.438499450683594,24.384000778198242,24.4153995513916,0,EURCZK=X,EUR/CZK
2026-03-25 07:00:00+00:00,24.432100296020508,24.432100296020508,24.443899154663086,24.3799991607666,24.423900604248047,0,EURCZK=X,EUR/CZK
2026-03-25 08:00:00+00:00,24.40250015258789,24.40250015258789,24.438199996948242,24.37700080871582,24.432100296020508,0,EURCZK=X,EUR/CZK
2026-03-25 09:00:00+00:00,24.427499771118164,24.427499771118164,24.439199447631836,24.371999740600586,24.40180015563965,0,EURCZK=X,EUR/CZK
2026-03-25 10:00:00+00:00,24.415599822998047,24.415599822998047,24.4242000579834,24.36400032043457,24.422500610351562,0,EURCZK=X,EUR/CZK
2026-03-25 11:00:00+00:00,24.417800903320312,24.417800903320312,24.432199478149414,24.367000579833984,24.415599822998047,0,EURCZK=X,EUR/CZK
2026-03-25 12:00:00+00:00,24.436500549316406,24.436500549316406,24.439300537109375,24.368999481201172,24.414400100708008,0,EURCZK=X,EUR/CZK
2026-03-25 13:00:00+00:00,24.45509910583496,24.45509910583496,24.457199096679688,24.381999969482422,24.430999755859375,0,EURCZK=X,EUR/CZK
2026-03-25 14:00:00+00:00,24.447099685668945,24.447099685668945,24.45509910583496,24.395000457763672,24.449899673461914,0,EURCZK=X,EUR/CZK
2026-03-25 15:00:00+00:00,24.456199645996094,24.456199645996094,24.465599060058594,24.39699935913086,24.44179916381836,0,EURCZK=X,EUR/CZK
2026-03-25 16:00:00+00:00,24.4552001953125,24.4552001953125,24.4773006439209,24.37299919128418,24.457199096679688,0,EURCZK=X,EUR/CZK
2026-03-25 17:00:00+00:00,24.456899642944336,24.456899642944336,24.467899322509766,24.389999389648438,24.45439910888672,0,EURCZK=X,EUR/CZK
2026-03-25 18:00:00+00:00,24.470300674438477,24.470300674438477,24.472400665283203,24.402999877929688,24.456899642944336,0,EURCZK=X,EUR/CZK
2026-03-25 19:00:00+00:00,24.422000885009766,24.422000885009766,24.479999542236328,24.408000946044922,24.461700439453125,0,EURCZK=X,EUR/CZK
2026-03-25 20:00:00+00:00,24.460800170898438,24.460800170898438,24.480600357055664,24.40999984741211,24.46109962463379,0,EURCZK=X,EUR/CZK
2026-03-25 21:00:00+00:00,24.43939971923828,24.43939971923828,24.461299896240234,24.409000396728516,24.415000915527344,0,EURCZK=X,EUR/CZK
2026-03-25 22:00:00+00:00,24.462200164794922,24.462200164794922,24.465099334716797,24.410999298095703,24.416200637817383,0,EURCZK=X,EUR/CZK
2026-03-25 23:00:00+00:00,24.403400421142578,24.403400421142578,24.46419906616211,24.403400421142578,24.431100845336914,0,EURCZK=X,EUR/CZK
2026-03-26 00:00:00+00:00,24.46310043334961,24.46310043334961,24.465499877929688,24.403400421142578,24.403400421142578,0,EURCZK=X,EUR/CZK
2026-03-26 01:00:00+00:00,24.464799880981445,24.464799880981445,24.464799880981445,24.43720054626465,24.44610023498535,0,EURCZK=X,EUR/CZK
2026-03-26 02:00:00+00:00,24.45039939880371,24.45039939880371,24.466400146484375,24.416000366210938,24.44659996032715,0,EURCZK=X,EUR/CZK
2026-03-26 03:00:00+00:00,24.46969985961914,24.46969985961914,24.471599578857422,24.417999267578125,24.45039939880371,0,EURCZK=X,EUR/CZK
2026-03-26 04:00:00+00:00,24.470800399780273,24.470800399780273,24.474899291992188,24.420000076293945,24.452899932861328,0,EURCZK=X,EUR/CZK
2026-03-26 05:00:00+00:00,24.474899291992188,24.474899291992188,24.476600646972656,24.420000076293945,24.453100204467773,0,EURCZK=X,EUR/CZK
2026-03-26 06:00:00+00:00,24.471599578857422,24.471599578857422,24.478200912475586,24.449499130249023,24.458200454711914,0,EURCZK=X,EUR/CZK
2026-03-26 07:00:00+00:00,24.462499618530273,24.462499618530273,24.48859977722168,24.409000396728516,24.457500457763672,0,EURCZK=X,EUR/CZK
2026-03-26 08:00:00+00:00,24.453500747680664,24.453500747680664,24.481599807739258,24.406999588012695,24.460899353027344,0,EURCZK=X,EUR/CZK
2026-03-26 09:00:00+00:00,24.416000366210938,24.416000366210938,24.475900650024414,24.40399932861328,24.453500747680664,0,EURCZK=X,EUR/CZK
2026-03-26 10:00:00+00:00,24.457799911499023,24.457799911499023,24.46969985961914,24.41200065612793,24.4596004486084,0,EURCZK=X,EUR/CZK
2026-03-26 11:00:00+00:00,24.472200393676758,24.472200393676758,24.479799270629883,24.408000946044922,24.457799911499023,0,EURCZK=X,EUR/CZK
2026-03-26 12:00:00+00:00,24.471599578857422,24.471599578857422,24.483999252319336,24.420000076293945,24.472200393676758,0,EURCZK=X,EUR/CZK
2026-03-26 13:00:00+00:00,24.417999267578125,24.417999267578125,24.485300064086914,24.413999557495117,24.471599578857422,0,EURCZK=X,EUR/CZK
2026-03-26 14:00:00+00:00,24.483200073242188,24.483200073242188,24.49410057067871,24.415000915527344,24.4601993560791,0,EURCZK=X,EUR/CZK
2026-03-26 15:00:00+00:00,24.499000549316406,24.499000549316406,24.50629997253418,24.43600082397461,24.483200073242188,0,EURCZK=X,EUR/CZK
2026-03-26 16:00:00+00:00,24.488500595092773,24.488500595092773,24.517900466918945,24.450000762939453,24.499000549316406,0,EURCZK=X,EUR/CZK
2026-03-26 17:00:00+00:00,24.510000228881836,24.510000228881836,24.512500762939453,24.450000762939453,24.489200592041016,0,EURCZK=X,EUR/CZK
2026-03-26 18:00:00+00:00,24.510299682617188,24.510299682617188,24.516300201416016,24.454999923706055,24.502099990844727,0,EURCZK=X,EUR/CZK
2026-03-26 19:00:00+00:00,24.51180076599121,24.51180076599121,24.515499114990234,24.45599937438965,24.50160026550293,0,EURCZK=X,EUR/CZK
2026-03-26 20:00:00+00:00,24.5039005279541,24.5039005279541,24.512699127197266,24.450000762939453,24.50279998779297,0,EURCZK=X,EUR/CZK
2026-03-26 21:00:00+00:00,24.461000442504883,24.461000442504883,24.50830078125,24.454999923706055,24.45599937438965,0,EURCZK=X,EUR/CZK
2026-03-26 22:00:00+00:00,24.504600524902344,24.504600524902344,24.505199432373047,24.458599090576172,24.46150016784668,0,EURCZK=X,EUR/CZK
2026-03-26 23:00:00+00:00,24.47800064086914,24.47800064086914,24.50819969177246,24.475400924682617,24.475799560546875,0,EURCZK=X,EUR/CZK
2026-03-27 00:00:00+00:00,24.512100219726562,24.512100219726562,24.51569938659668,24.454999923706055,24.48040008544922,0,EURCZK=X,EUR/CZK
2026-03-27 01:00:00+00:00,24.51289939880371,24.51289939880371,24.515499114990234,24.461999893188477,24.49519920349121,0,EURCZK=X,EUR/CZK
2026-03-27 02:00:00+00:00,24.510799407958984,24.510799407958984,24.513999938964844,24.461999893188477,24.493000030517578,0,EURCZK=X,EUR/CZK
2026-03-27 03:00:00+00:00,24.51180076599121,24.51180076599121,24.51650047302246,24.494400024414062,24.494600296020508,0,EURCZK=X,EUR/CZK
2026-03-27 04:00:00+00:00,24.505800247192383,24.505800247192383,24.516599655151367,24.46299934387207,24.496299743652344,0,EURCZK=X,EUR/CZK
2026-03-27 05:00:00+00:00,24.498600006103516,24.498600006103516,24.51569938659668,24.46299934387207,24.494300842285156,0,EURCZK=X,EUR/CZK
2026-03-27 06:00:00+00:00,24.515100479125977,24.515100479125977,24.519699096679688,24.49250030517578,24.498600006103516,0,EURCZK=X,EUR/CZK
2026-03-27 07:00:00+00:00,24.502700805664062,24.502700805664062,24.524900436401367,24.45800018310547,24.506900787353516,0,EURCZK=X,EUR/CZK
2026-03-27 08:00:00+00:00,24.517200469970703,24.517200469970703,24.529399871826172,24.461999893188477,24.46500015258789,0,EURCZK=X,EUR/CZK
2026-03-27 09:00:00+00:00,24.524200439453125,24.524200439453125,24.532499313354492,24.468000411987305,24.47800064086914,0,EURCZK=X,EUR/CZK
2026-03-27 10:00:00+00:00,24.53700065612793,24.53700065612793,24.549100875854492,24.472000122070312,24.518800735473633,0,EURCZK=X,EUR/CZK
2026-03-27 11:00:00+00:00,24.54840087890625,24.54840087890625,24.552000045776367,24.482999801635742,24.53700065612793,0,EURCZK=X,EUR/CZK
2026-03-27 12:00:00+00:00,24.536500930786133,24.536500930786133,24.552799224853516,24.482999801635742,24.543500900268555,0,EURCZK=X,EUR/CZK
2026-03-27 13:00:00+00:00,24.492300033569336,24.492300033569336,24.546899795532227,24.468000411987305,24.536500930786133,0,EURCZK=X,EUR/CZK
2026-03-27 14:00:00+00:00,24.507699966430664,24.507699966430664,24.526599884033203,24.448999404907227,24.473899841308594,0,EURCZK=X,EUR/CZK
2026-03-27 15:00:00+00:00,24.513999938964844,24.513999938964844,24.525100708007812,24.452999114990234,24.50279998779297,0,EURCZK=X,EUR/CZK
2026-03-27 16:00:00+00:00,24.506000518798828,24.506000518798828,24.52829933166504,24.447999954223633,24.513999938964844,0,EURCZK=X,EUR/CZK
2026-03-27 17:00:00+00:00,24.472999572753906,24.472999572753906,24.530399322509766,24.444000244140625,24.50629997253418,0,EURCZK=X,EUR/CZK
2026-03-27 18:00:00+00:00,24.535600662231445,24.535600662231445,24.537099838256836,24.448999404907227,24.46500015258789,0,EURCZK=X,EUR/CZK
2026-03-27 19:00:00+00:00,24.485000610351562,24.485000610351562,24.537099838256836,24.479000091552734,24.5216007232666,0,EURCZK=X,EUR/CZK
2026-03-27 20:00:00+00:00,24.452999114990234,24.452999114990234,24.530099868774414,24.451000213623047,24.518999099731445,0,EURCZK=X,EUR/CZK
2026-03-27 21:00:00+00:00,24.501300811767578,24.501300811767578,24.501300811767578,24.46500015258789,24.46500015258789,0,EURCZK=X,EUR/CZK
2026-03-29 23:00:00+00:00,24.487899780273438,24.487899780273438,24.518699645996094,24.464000701904297,24.515300750732422,0,EURCZK=X,EUR/CZK
2026-03-30 00:00:00+00:00,24.517000198364258,24.517000198364258,24.529399871826172,24.46299934387207,24.513099670410156,0,EURCZK=X,EUR/CZK
2026-03-30 01:00:00+00:00,24.51889991760254,24.51889991760254,24.535200119018555,24.48200035095215,24.528600692749023,0,EURCZK=X,EUR/CZK
2026-03-30 02:00:00+00:00,24.522499084472656,24.522499084472656,24.538000106811523,24.482999801635742,24.52989959716797,0,EURCZK=X,EUR/CZK
2026-03-30 03:00:00+00:00,24.51259994506836,24.51259994506836,24.533300399780273,24.476999282836914,24.532699584960938,0,EURCZK=X,EUR/CZK
2026-03-30 04:00:00+00:00,24.514999389648438,24.514999389648438,24.53230094909668,24.47800064086914,24.52720069885254,0,EURCZK=X,EUR/CZK
2026-03-30 05:00:00+00:00,24.50979995727539,24.50979995727539,24.532499313354492,24.479999542236328,24.526199340820312,0,EURCZK=X,EUR/CZK
2026-03-30 06:00:00+00:00,24.508499145507812,24.508499145507812,24.53569984436035,24.466999053955078,24.51799964904785,0,EURCZK=X,EUR/CZK
2026-03-30 07:00:00+00:00,24.479000091552734,24.479000091552734,24.537799835205078,24.465999603271484,24.507400512695312,0,EURCZK=X,EUR/CZK
2026-03-30 08:00:00+00:00,24.524700164794922,24.524700164794922,24.551000595092773,24.47599983215332,24.51580047607422,0,EURCZK=X,EUR/CZK
2026-03-30 09:00:00+00:00,24.532499313354492,24.532499313354492,24.547399520874023,24.479999542236328,24.524700164794922,0,EURCZK=X,EUR/CZK
2026-03-30 10:00:00+00:00,24.541000366210938,24.541000366210938,24.550600051879883,24.488000869750977,24.532499313354492,0,EURCZK=X,EUR/CZK
2026-03-30 11:00:00+00:00,24.545000076293945,24.545000076293945,24.555400848388672,24.493000030517578,24.538999557495117,0,EURCZK=X,EUR/CZK
2026-03-30 12:00:00+00:00,24.54400062561035,24.54400062561035,24.566299438476562,24.484800338745117,24.500999450683594,0,EURCZK=X,EUR/CZK
2026-03-30 13:00:00+00:00,24.56439971923828,24.56439971923828,24.56879997253418,24.499000549316406,24.5,0,EURCZK=X,EUR/CZK
2026-03-30 14:00:00+00:00,24.558000564575195,24.558000564575195,24.571199417114258,24.503000259399414,24.56439971923828,0,EURCZK=X,EUR/CZK
2026-03-30 15:00:00+00:00,24.534700393676758,24.534700393676758,24.565900802612305,24.466999053955078,24.558000564575195,0,EURCZK=X,EUR/CZK
2026-03-30 16:00:00+00:00,24.4950008392334,24.4950008392334,24.554100036621094,24.493000030517578,24.53510093688965,0,EURCZK=X,EUR/CZK
2026-03-30 17:00:00+00:00,24.500999450683594,24.500999450683594,24.557199478149414,24.4950008392334,24.499000549316406,0,EURCZK=X,EUR/CZK
2026-03-30 18:00:00+00:00,24.500999450683594,24.500999450683594,24.555299758911133,24.499000549316406,24.55190086364746,0,EURCZK=X,EUR/CZK
2026-03-30 19:00:00+00:00,24.533700942993164,24.533700942993164,24.559099197387695,24.4950008392334,24.49799919128418,0,EURCZK=X,EUR/CZK
2026-03-30 20:00:00+00:00,24.530000686645508,24.530000686645508,24.55030059814453,24.4606990814209,24.533899307250977,0,EURCZK=X,EUR/CZK
2026-03-30 21:00:00+00:00,24.52899932861328,24.52899932861328,24.555099487304688,24.527000427246094,24.54789924621582,0,EURCZK=X,EUR/CZK
2026-03-30 22:00:00+00:00,24.548599243164062,24.548599243164062,24.550500869750977,24.527000427246094,24.544599533081055,0,EURCZK=X,EUR/CZK
2026-03-30 23:00:00+00:00,24.530000686645508,24.530000686645508,24.55109977722168,24.527000427246094,24.54789924621582,0,EURCZK=X,EUR/CZK
2026-03-31 00:00:00+00:00,24.544599533081055,24.544599533081055,24.549699783325195,24.499000549316406,24.549699783325195,0,EURCZK=X,EUR/CZK
2026-03-31 01:00:00+00:00,24.535600662231445,24.535600662231445,24.5492000579834,24.493000030517578,24.544300079345703,0,EURCZK=X,EUR/CZK
2026-03-31 02:00:00+00:00,24.53459930419922,24.53459930419922,24.54199981689453,24.492000579833984,24.54199981689453,0,EURCZK=X,EUR/CZK
2026-03-31 03:00:00+00:00,24.534000396728516,24.534000396728516,24.540199279785156,24.492000579833984,24.492000579833984,0,EURCZK=X,EUR/CZK
2026-03-31 04:00:00+00:00,24.533599853515625,24.533599853515625,24.541400909423828,24.492000579833984,24.492000579833984,0,EURCZK=X,EUR/CZK
2026-03-31 05:00:00+00:00,24.5,24.5,24.550899505615234,24.492000579833984,24.539400100708008,0,EURCZK=X,EUR/CZK
2026-03-31 06:00:00+00:00,24.54199981689453,24.54199981689453,24.555599212646484,24.496000289916992,24.534000396728516,0,EURCZK=X,EUR/CZK
2026-03-31 07:00:00+00:00,24.523300170898438,24.523300170898438,24.551300048828125,24.476999282836914,24.54199981689453,0,EURCZK=X,EUR/CZK
2026-03-31 08:00:00+00:00,24.518999099731445,24.518999099731445,24.53660011291504,24.472999572753906,24.522499084472656,0,EURCZK=X,EUR/CZK
2026-03-31 09:00:00+00:00,24.51799964904785,24.51799964904785,24.53070068359375,24.472999572753906,24.522499084472656,0,EURCZK=X,EUR/CZK
2026-03-31 10:00:00+00:00,24.475000381469727,24.475000381469727,24.534700393676758,24.466999053955078,24.51799964904785,0,EURCZK=X,EUR/CZK
2026-03-31 11:00:00+00:00,24.465999603271484,24.465999603271484,24.531400680541992,24.465999603271484,24.518999099731445,0,EURCZK=X,EUR/CZK
2026-03-31 12:00:00+00:00,24.502099990844727,24.502099990844727,24.518400192260742,24.409700393676758,24.5093994140625,0,EURCZK=X,EUR/CZK
2026-03-31 13:00:00+00:00,24.47719955444336,24.47719955444336,24.520700454711914,24.454999923706055,24.502300262451172,0,EURCZK=X,EUR/CZK
2026-03-31 14:00:00+00:00,24.56060028076172,24.56060028076172,24.56170082092285,24.454999923706055,24.477800369262695,0,EURCZK=X,EUR/CZK
2026-03-31 15:00:00+00:00,24.559999465942383,24.559999465942383,24.567800521850586,24.492000579833984,24.517000198364258,0,EURCZK=X,EUR/CZK
2026-03-31 16:00:00+00:00,24.54450035095215,24.54450035095215,24.573299407958984,24.503000259399414,24.559499740600586,0,EURCZK=X,EUR/CZK
2026-03-31 17:00:00+00:00,24.54330062866211,24.54330062866211,24.558500289916992,24.496000289916992,24.54450035095215,0,EURCZK=X,EUR/CZK
2026-03-31 18:00:00+00:00,24.527999877929688,24.527999877929688,24.552400588989258,24.485000610351562,24.543500900268555,0,EURCZK=X,EUR/CZK
2026-03-31 19:00:00+00:00,24.534900665283203,24.534900665283203,24.54669952392578,24.488000869750977,24.527999877929688,0,EURCZK=X,EUR/CZK
2026-03-31 20:00:00+00:00,24.518400192260742,24.518400192260742,24.549400329589844,24.493000030517578,24.534299850463867,0,EURCZK=X,EUR/CZK
2026-03-31 21:00:00+00:00,24.55120086669922,24.55120086669922,24.556100845336914,24.50279998779297,24.503000259399414,0,EURCZK=X,EUR/CZK
2026-03-31 22:00:00+00:00,24.51580047607422,24.51580047607422,24.554000854492188,24.500999450683594,24.50309944152832,0,EURCZK=X,EUR/CZK
2026-03-31 23:00:00+00:00,24.52910041809082,24.52910041809082,24.552000045776367,24.513099670410156,24.519399642944336,0,EURCZK=X,EUR/CZK
2026-04-01 00:00:00+00:00,24.532699584960938,24.532699584960938,24.552200317382812,24.496000289916992,24.54199981689453,0,EURCZK=X,EUR/CZK
2026-04-01 01:00:00+00:00,24.496000289916992,24.496000289916992,24.549100875854492,24.496000289916992,24.54439926147461,0,EURCZK=X,EUR/CZK
2026-04-01 02:00:00+00:00,24.53070068359375,24.53070068359375,24.5492000579834,24.496000289916992,24.547500610351562,0,EURCZK=X,EUR/CZK
2026-04-01 03:00:00+00:00,24.5310001373291,24.5310001373291,24.547700881958008,24.4950008392334,24.544599533081055,0,EURCZK=X,EUR/CZK
2026-04-01 04:00:00+00:00,24.529600143432617,24.529600143432617,24.547000885009766,24.528900146484375,24.543500900268555,0,EURCZK=X,EUR/CZK
2026-04-01 05:00:00+00:00,24.5310001373291,24.5310001373291,24.55120086669922,24.48900032043457,24.544300079345703,0,EURCZK=X,EUR/CZK
2026-04-01 06:00:00+00:00,24.461999893188477,24.461999893188477,24.551000595092773,24.461999893188477,24.533700942993164,0,EURCZK=X,EUR/CZK
2026-04-01 07:00:00+00:00,24.52090072631836,24.52090072631836,24.5314998626709,24.461999893188477,24.504499435424805,0,EURCZK=X,EUR/CZK
2026-04-01 08:00:00+00:00,24.51959991455078,24.51959991455078,24.534400939941406,24.466999053955078,24.521900177001953,0,EURCZK=X,EUR/CZK
2026-04-01 09:00:00+00:00,24.46500015258789,24.46500015258789,24.53179931640625,24.464000701904297,24.520200729370117,0,EURCZK=X,EUR/CZK
2026-04-01 10:00:00+00:00,24.502899169921875,24.502899169921875,24.51889991760254,24.452999114990234,24.50830078125,0,EURCZK=X,EUR/CZK
2026-04-01 11:00:00+00:00,24.50309944152832,24.50309944152832,24.51889991760254,24.458999633789062,24.50830078125,0,EURCZK=X,EUR/CZK
2026-04-01 12:00:00+00:00,24.52239990234375,24.52239990234375,24.53339958190918,24.45800018310547,24.517799377441406,0,EURCZK=X,EUR/CZK
2026-04-01 13:00:00+00:00,24.479700088500977,24.479700088500977,24.531600952148438,24.465999603271484,24.523500442504883,0,EURCZK=X,EUR/CZK
2026-04-01 14:00:00+00:00,24.512800216674805,24.512800216674805,24.543800354003906,24.468000411987305,24.47410011291504,0,EURCZK=X,EUR/CZK
2026-04-01 15:00:00+00:00,24.506000518798828,24.506000518798828,24.527999877929688,24.46500015258789,24.51289939880371,0,EURCZK=X,EUR/CZK
2026-04-01 16:00:00+00:00,24.501800537109375,24.501800537109375,24.523399353027344,24.45800018310547,24.505199432373047,0,EURCZK=X,EUR/CZK
2026-04-01 17:00:00+00:00,24.499300003051758,24.499300003051758,24.51460075378418,24.45800018310547,24.509599685668945,0,EURCZK=X,EUR/CZK
2026-04-01 18:00:00+00:00,24.513399124145508,24.513399124145508,24.524499893188477,24.454999923706055,24.498199462890625,0,EURCZK=X,EUR/CZK
2026-04-01 19:00:00+00:00,24.51259994506836,24.51259994506836,24.52680015563965,24.4419002532959,24.518600463867188,0,EURCZK=X,EUR/CZK
2026-04-01 20:00:00+00:00,24.474899291992188,24.474899291992188,24.52630043029785,24.44179916381836,24.512699127197266,0,EURCZK=X,EUR/CZK
2026-04-01 21:00:00+00:00,24.513999938964844,24.513999938964844,24.525699615478516,24.47089958190918,24.51849937438965,0,EURCZK=X,EUR/CZK
2026-04-01 22:00:00+00:00,24.51759910583496,24.51759910583496,24.519899368286133,24.46739959716797,24.516599655151367,0,EURCZK=X,EUR/CZK
2026-04-01 23:00:00+00:00,24.493600845336914,24.493600845336914,24.523399353027344,24.47450065612793,24.47599983215332,0,EURCZK=X,EUR/CZK
2026-04-02 00:00:00+00:00,24.49679946899414,24.49679946899414,24.519899368286133,24.464000701904297,24.493600845336914,0,EURCZK=X,EUR/CZK
2026-04-02 01:00:00+00:00,24.514799118041992,24.514799118041992,24.516700744628906,24.461000442504883,24.511899948120117,0,EURCZK=X,EUR/CZK
2026-04-02 02:00:00+00:00,24.518800735473633,24.518800735473633,24.534799575805664,24.479999542236328,24.483999252319336,0,EURCZK=X,EUR/CZK
2026-04-02 03:00:00+00:00,24.531700134277344,24.531700134277344,24.53339958190918,24.479999542236328,24.517200469970703,0,EURCZK=X,EUR/CZK
2026-04-02 04:00:00+00:00,24.483999252319336,24.483999252319336,24.534099578857422,24.472999572753906,24.528499603271484,0,EURCZK=X,EUR/CZK
2026-04-02 05:00:00+00:00,24.521299362182617,24.521299362182617,24.54400062561035,24.483999252319336,24.535600662231445,0,EURCZK=X,EUR/CZK
2026-04-02 06:00:00+00:00,24.479999542236328,24.479999542236328,24.54159927368164,24.47800064086914,24.532100677490234,0,EURCZK=X,EUR/CZK
2026-04-02 07:00:00+00:00,24.523000717163086,24.523000717163086,24.540000915527344,24.47800064086914,24.5226993560791,0,EURCZK=X,EUR/CZK
2026-04-02 08:00:00+00:00,24.52090072631836,24.52090072631836,24.53569984436035,24.47800064086914,24.52199935913086,0,EURCZK=X,EUR/CZK
2026-04-02 09:00:00+00:00,24.527599334716797,24.527599334716797,24.538999557495117,24.481000900268555,24.52090072631836,0,EURCZK=X,EUR/CZK
2026-04-02 10:00:00+00:00,24.519100189208984,24.519100189208984,24.534000396728516,24.47599983215332,24.53350067138672,0,EURCZK=X,EUR/CZK
2026-04-02 11:00:00+00:00,24.48900032043457,24.48900032043457,24.538400650024414,24.476999282836914,24.524999618530273,0,EURCZK=X,EUR/CZK
2026-04-02 12:00:00+00:00,24.475000381469727,24.475000381469727,24.54199981689453,24.469999313354492,24.531299591064453,0,EURCZK=X,EUR/CZK
2026-04-02 13:00:00+00:00,24.475000381469727,24.475000381469727,24.533000946044922,24.474000930786133,24.518400192260742,0,EURCZK=X,EUR/CZK
2026-04-02 14:00:00+00:00,24.50779914855957,24.50779914855957,24.53019905090332,24.46299934387207,24.51729965209961,0,EURCZK=X,EUR/CZK
2026-04-02 15:00:00+00:00,24.496299743652344,24.496299743652344,24.51729965209961,24.454999923706055,24.507699966430664,0,EURCZK=X,EUR/CZK
2026-04-02 16:00:00+00:00,24.499000549316406,24.499000549316406,24.511899948120117,24.454999923706055,24.497100830078125,0,EURCZK=X,EUR/CZK
2026-04-02 17:00:00+00:00,24.496299743652344,24.496299743652344,24.51289939880371,24.45599937438965,24.506200790405273,0,EURCZK=X,EUR/CZK
2026-04-02 18:00:00+00:00,24.492900848388672,24.492900848388672,24.511999130249023,24.454999923706055,24.496200561523438,0,EURCZK=X,EUR/CZK
2026-04-02 19:00:00+00:00,24.466999053955078,24.466999053955078,24.510000228881836,24.454999923706055,24.494400024414062,0,EURCZK=X,EUR/CZK
2026-04-02 20:00:00+00:00,24.469999313354492,24.469999313354492,24.517499923706055,24.451799392700195,24.49850082397461,0,EURCZK=X,EUR/CZK
2026-04-02 21:00:00+00:00,24.469999313354492,24.469999313354492,24.524999618530273,24.45800018310547,24.523399353027344,0,EURCZK=X,EUR/CZK
2026-04-02 22:00:00+00:00,24.522600173950195,24.522600173950195,24.523500442504883,24.467899322509766,24.469499588012695,0,EURCZK=X,EUR/CZK
2026-04-02 23:00:00+00:00,24.496999740600586,24.496999740600586,24.524999618530273,24.48189926147461,24.522600173950195,0,EURCZK=X,EUR/CZK
2026-04-03 00:00:00+00:00,24.461999893188477,24.461999893188477,24.52050018310547,24.461000442504883,24.496999740600586,0,EURCZK=X,EUR/CZK
2026-04-03 01:00:00+00:00,24.49329948425293,24.49329948425293,24.51140022277832,24.459999084472656,24.461000442504883,0,EURCZK=X,EUR/CZK
2026-04-03 02:00:00+00:00,24.493999481201172,24.493999481201172,24.511199951171875,24.493099212646484,24.493099212646484,0,EURCZK=X,EUR/CZK
2026-04-03 03:00:00+00:00,24.510099411010742,24.510099411010742,24.51300048828125,24.489700317382812,24.508100509643555,0,EURCZK=X,EUR/CZK
2026-04-03 04:00:00+00:00,24.49169921875,24.49169921875,24.513500213623047,24.457000732421875,24.510000228881836,0,EURCZK=X,EUR/CZK
2026-04-03 05:00:00+00:00,24.492900848388672,24.492900848388672,24.514299392700195,24.457000732421875,24.507200241088867,0,EURCZK=X,EUR/CZK
2026-04-03 06:00:00+00:00,24.498199462890625,24.498199462890625,24.51449966430664,24.457000732421875,24.500600814819336,0,EURCZK=X,EUR/CZK
2026-04-03 07:00:00+00:00,24.45400047302246,24.45400047302246,24.520700454711914,24.452999114990234,24.4960994720459,0,EURCZK=X,EUR/CZK
2026-04-03 08:00:00+00:00,24.496400833129883,24.496400833129883,24.513099670410156,24.454999923706055,24.490699768066406,0,EURCZK=X,EUR/CZK
2026-04-03 09:00:00+00:00,24.50029945373535,24.50029945373535,24.51460075378418,24.45599937438965,24.497499465942383,0,EURCZK=X,EUR/CZK
2026-04-03 10:00:00+00:00,24.49799919128418,24.49799919128418,24.51460075378418,24.457000732421875,24.498899459838867,0,EURCZK=X,EUR/CZK
2026-04-03 11:00:00+00:00,24.47599983215332,24.47599983215332,24.525800704956055,24.457000732421875,24.499300003051758,0,EURCZK=X,EUR/CZK
2026-04-03 12:00:00+00:00,24.50510025024414,24.50510025024414,24.52829933166504,24.461000442504883,24.472999572753906,0,EURCZK=X,EUR/CZK
2026-04-03 13:00:00+00:00,24.457000732421875,24.457000732421875,24.51759910583496,24.45599937438965,24.504199981689453,0,EURCZK=X,EUR/CZK
2026-04-03 14:00:00+00:00,24.45599937438965,24.45599937438965,24.50950050354004,24.454999923706055,24.49340057373047,0,EURCZK=X,EUR/CZK
2026-04-03 15:00:00+00:00,24.50309944152832,24.50309944152832,24.517200469970703,24.454999923706055,24.454999923706055,0,EURCZK=X,EUR/CZK
2026-04-03 16:00:00+00:00,24.50149917602539,24.50149917602539,24.519800186157227,24.46299934387207,24.46299934387207,0,EURCZK=X,EUR/CZK
2026-04-03 17:00:00+00:00,24.497499465942383,24.497499465942383,24.522199630737305,24.461999893188477,24.51810073852539,0,EURCZK=X,EUR/CZK
2026-04-03 18:00:00+00:00,24.496999740600586,24.496999740600586,24.518299102783203,24.46299934387207,24.512399673461914,0,EURCZK=X,EUR/CZK
2026-04-03 19:00:00+00:00,24.4960994720459,24.4960994720459,24.519699096679688,24.464000701904297,24.512100219726562,0,EURCZK=X,EUR/CZK
2026-04-03 20:00:00+00:00,24.49690055847168,24.49690055847168,24.521699905395508,24.4689998626709,24.51959991455078,0,EURCZK=X,EUR/CZK
2026-04-03 21:00:00+00:00,24.559099197387695,24.559099197387695,24.559099197387695,24.49690055847168,24.49690055847168,0,EURCZK=X,EUR/CZK
2026-04-05 23:00:00+00:00,24.52199935913086,24.52199935913086,24.525999069213867,24.4955997467041,24.4955997467041,0,EURCZK=X,EUR/CZK
2026-04-06 00:00:00+00:00,24.526899337768555,24.526899337768555,24.528900146484375,24.469999313354492,24.47100067138672,0,EURCZK=X,EUR/CZK
2026-04-06 01:00:00+00:00,24.525800704956055,24.525800704956055,24.527299880981445,24.507999420166016,24.51449966430664,0,EURCZK=X,EUR/CZK
2026-04-06 02:00:00+00:00,24.528799057006836,24.528799057006836,24.528799057006836,24.509000778198242,24.51449966430664,0,EURCZK=X,EUR/CZK
2026-04-06 03:00:00+00:00,24.514400482177734,24.514400482177734,24.528099060058594,24.513399124145508,24.51420021057129,0,EURCZK=X,EUR/CZK
2026-04-06 04:00:00+00:00,24.51609992980957,24.51609992980957,24.529300689697266,24.475000381469727,24.51449966430664,0,EURCZK=X,EUR/CZK
2026-04-06 05:00:00+00:00,24.51300048828125,24.51300048828125,24.531099319458008,24.475000381469727,24.5137996673584,0,EURCZK=X,EUR/CZK
2026-04-06 06:00:00+00:00,24.50550079345703,24.50550079345703,24.5226993560791,24.461000442504883,24.511999130249023,0,EURCZK=X,EUR/CZK
2026-04-06 07:00:00+00:00,24.50510025024414,24.50510025024414,24.5226993560791,24.448999404907227,24.465999603271484,0,EURCZK=X,EUR/CZK
2026-04-06 08:00:00+00:00,24.505699157714844,24.505699157714844,24.509199142456055,24.448999404907227,24.487499237060547,0,EURCZK=X,EUR/CZK
2026-04-06 09:00:00+00:00,24.451000213623047,24.451000213623047,24.51420021057129,24.451000213623047,24.497100830078125,0,EURCZK=X,EUR/CZK
2026-04-06 10:00:00+00:00,24.500099182128906,24.500099182128906,24.50659942626953,24.445999145507812,24.49049949645996,0,EURCZK=X,EUR/CZK
2026-04-06 11:00:00+00:00,24.498300552368164,24.498300552368164,24.506799697875977,24.44700050354004,24.489200592041016,0,EURCZK=X,EUR/CZK
2026-04-06 12:00:00+00:00,24.482200622558594,24.482200622558594,24.507699966430664,24.441999435424805,24.491600036621094,0,EURCZK=X,EUR/CZK
2026-04-06 13:00:00+00:00,24.441299438476562,24.441299438476562,24.5,24.424999237060547,24.48270034790039,0,EURCZK=X,EUR/CZK
2026-04-06 14:00:00+00:00,24.494699478149414,24.494699478149414,24.497600555419922,24.423999786376953,24.44230079650879,0,EURCZK=X,EUR/CZK
2026-04-06 15:00:00+00:00,24.517200469970703,24.517200469970703,24.524900436401367,24.44099998474121,24.44700050354004,0,EURCZK=X,EUR/CZK
2026-04-06 16:00:00+00:00,24.52720069885254,24.52720069885254,24.53580093383789,24.47599983215332,24.513999938964844,0,EURCZK=X,EUR/CZK
2026-04-06 17:00:00+00:00,24.51799964904785,24.51799964904785,24.53230094909668,24.464000701904297,24.52050018310547,0,EURCZK=X,EUR/CZK
2026-04-06 18:00:00+00:00,24.518600463867188,24.518600463867188,24.52400016784668,24.468000411987305,24.4689998626709,0,EURCZK=X,EUR/CZK
2026-04-06 19:00:00+00:00,24.519899368286133,24.519899368286133,24.525100708007812,24.469999313354492,24.509700775146484,0,EURCZK=X,EUR/CZK
2026-04-06 20:00:00+00:00,24.45800018310547,24.45800018310547,24.528900146484375,24.43779945373535,24.51259994506836,0,EURCZK=X,EUR/CZK
2026-04-06 21:00:00+00:00,24.50909996032715,24.50909996032715,24.511499404907227,24.47439956665039,24.47439956665039,0,EURCZK=X,EUR/CZK
2026-04-06 22:00:00+00:00,24.472999572753906,24.472999572753906,24.521799087524414,24.464500427246094,24.46660041809082,0,EURCZK=X,EUR/CZK
2026-04-06 23:00:00+00:00,24.51289939880371,24.51289939880371,24.515899658203125,24.45800018310547,24.472999572753906,0,EURCZK=X,EUR/CZK
2026-04-07 00:00:00+00:00,24.496599197387695,24.496599197387695,24.517000198364258,24.45800018310547,24.484500885009766,0,EURCZK=X,EUR/CZK
2026-04-07 01:00:00+00:00,24.51569938659668,24.51569938659668,24.51609992980957,24.46299934387207,24.496000289916992,0,EURCZK=X,EUR/CZK
2026-04-07 02:00:00+00:00,24.502399444580078,24.502399444580078,24.51930046081543,24.46500015258789,24.501399993896484,0,EURCZK=X,EUR/CZK
2026-04-07 03:00:00+00:00,24.50189971923828,24.50189971923828,24.519699096679688,24.46500015258789,24.465999603271484,0,EURCZK=X,EUR/CZK
2026-04-07 04:00:00+00:00,24.503999710083008,24.503999710083008,24.518299102783203,24.465999603271484,24.502899169921875,0,EURCZK=X,EUR/CZK
2026-04-07 05:00:00+00:00,24.47100067138672,24.47100067138672,24.523500442504883,24.468000411987305,24.468000411987305,0,EURCZK=X,EUR/CZK
2026-04-07 06:00:00+00:00,24.493900299072266,24.493900299072266,24.535400390625,24.45599937438965,24.510400772094727,0,EURCZK=X,EUR/CZK
2026-04-07 07:00:00+00:00,24.515600204467773,24.515600204467773,24.53499984741211,24.452999114990234,24.46299934387207,0,EURCZK=X,EUR/CZK
2026-04-07 08:00:00+00:00,24.5044002532959,24.5044002532959,24.526399612426758,24.444000244140625,24.516000747680664,0,EURCZK=X,EUR/CZK
2026-04-07 09:00:00+00:00,24.498300552368164,24.498300552368164,24.51609992980957,24.45199966430664,24.5044002532959,0,EURCZK=X,EUR/CZK
2026-04-07 10:00:00+00:00,24.518999099731445,24.518999099731445,24.53380012512207,24.45199966430664,24.497900009155273,0,EURCZK=X,EUR/CZK
2026-04-07 11:00:00+00:00,24.515499114990234,24.515499114990234,24.532699584960938,24.466999053955078,24.518999099731445,0,EURCZK=X,EUR/CZK
2026-04-07 12:00:00+00:00,24.474000930786133,24.474000930786133,24.53230094909668,24.465999603271484,24.51580047607422,0,EURCZK=X,EUR/CZK
2026-04-07 13:00:00+00:00,24.518999099731445,24.518999099731445,24.526500701904297,24.457000732421875,24.517799377441406,0,EURCZK=X,EUR/CZK
2026-04-07 14:00:00+00:00,24.506200790405273,24.506200790405273,24.534500122070312,24.445999145507812,24.520000457763672,0,EURCZK=X,EUR/CZK
2026-04-07 15:00:00+00:00,24.475000381469727,24.475000381469727,24.51409912109375,24.424999237060547,24.506200790405273,0,EURCZK=X,EUR/CZK
2026-04-07 16:00:00+00:00,24.429000854492188,24.429000854492188,24.488500595092773,24.420000076293945,24.475000381469727,0,EURCZK=X,EUR/CZK
2026-04-07 17:00:00+00:00,24.481000900268555,24.481000900268555,24.494199752807617,24.427000045776367,24.47170066833496,0,EURCZK=X,EUR/CZK
2026-04-07 18:00:00+00:00,24.486499786376953,24.486499786376953,24.4955997467041,24.437000274658203,24.480100631713867,0,EURCZK=X,EUR/CZK
2026-04-07 19:00:00+00:00,24.43400001525879,24.43400001525879,24.49449920654297,24.42799949645996,24.487199783325195,0,EURCZK=X,EUR/CZK
2026-04-07 20:00:00+00:00,24.45800018310547,24.45800018310547,24.488100051879883,24.429000854492188,24.433000564575195,0,EURCZK=X,EUR/CZK
2026-04-07 21:00:00+00:00,24.44700050354004,24.44700050354004,24.4906005859375,24.437999725341797,24.454999923706055,0,EURCZK=X,EUR/CZK
2026-04-07 22:00:00+00:00,24.41790008544922,24.41790008544922,24.523000717163086,24.384000778198242,24.44700050354004,0,EURCZK=X,EUR/CZK
2026-04-07 23:00:00+00:00,24.46500015258789,24.46500015258789,24.4778995513916,24.382999420166016,24.430700302124023,0,EURCZK=X,EUR/CZK
2026-04-08 00:00:00+00:00,24.422000885009766,24.422000885009766,24.468000411987305,24.38290023803711,24.46500015258789,0,EURCZK=X,EUR/CZK
2026-04-08 01:00:00+00:00,24.405000686645508,24.405000686645508,24.447799682617188,24.37820053100586,24.420000076293945,0,EURCZK=X,EUR/CZK
2026-04-08 02:00:00+00:00,24.418500900268555,24.418500900268555,24.43560028076172,24.371999740600586,24.405000686645508,0,EURCZK=X,EUR/CZK
2026-04-08 03:00:00+00:00,24.39900016784668,24.39900016784668,24.41830062866211,24.365999221801758,24.406400680541992,0,EURCZK=X,EUR/CZK
2026-04-08 04:00:00+00:00,24.402599334716797,24.402599334716797,24.420900344848633,24.367000579833984,24.399099349975586,0,EURCZK=X,EUR/CZK
2026-04-08 05:00:00+00:00,24.39240074157715,24.39240074157715,24.417699813842773,24.34779930114746,24.400699615478516,0,EURCZK=X,EUR/CZK
2026-04-08 06:00:00+00:00,24.357999801635742,24.357999801635742,24.422000885009766,24.35099983215332,24.39240074157715,0,EURCZK=X,EUR/CZK
2026-04-08 07:00:00+00:00,24.354000091552734,24.354000091552734,24.43079948425293,24.34600067138672,24.400999069213867,0,EURCZK=X,EUR/CZK
2026-04-08 08:00:00+00:00,24.398000717163086,24.398000717163086,24.416400909423828,24.341999053955078,24.39900016784668,0,EURCZK=X,EUR/CZK
2026-04-08 09:00:00+00:00,24.402599334716797,24.402599334716797,24.409299850463867,24.351999282836914,24.39900016784668,0,EURCZK=X,EUR/CZK
2026-04-08 10:00:00+00:00,24.392000198364258,24.392000198364258,24.415199279785156,24.344999313354492,24.402599334716797,0,EURCZK=X,EUR/CZK
2026-04-08 11:00:00+00:00,24.378000259399414,24.378000259399414,24.39859962463379,24.33099937438965,24.391000747680664,0,EURCZK=X,EUR/CZK
2026-04-08 12:00:00+00:00,24.371000289916992,24.371000289916992,24.394800186157227,24.31999969482422,24.378000259399414,0,EURCZK=X,EUR/CZK
2026-04-08 13:00:00+00:00,24.3799991607666,24.3799991607666,24.399200439453125,24.31999969482422,24.371000289916992,0,EURCZK=X,EUR/CZK
2026-04-08 14:00:00+00:00,24.327999114990234,24.327999114990234,24.388900756835938,24.326000213623047,24.3799991607666,0,EURCZK=X,EUR/CZK
2026-04-08 15:00:00+00:00,24.3700008392334,24.3700008392334,24.38800048828125,24.316999435424805,24.374000549316406,0,EURCZK=X,EUR/CZK
2026-04-08 16:00:00+00:00,24.3700008392334,24.3700008392334,24.380800247192383,24.327999114990234,24.371000289916992,0,EURCZK=X,EUR/CZK
2026-04-08 17:00:00+00:00,24.366199493408203,24.366199493408203,24.387100219726562,24.325000762939453,24.368999481201172,0,EURCZK=X,EUR/CZK
2026-04-08 18:00:00+00:00,24.386999130249023,24.386999130249023,24.39780044555664,24.325000762939453,24.366199493408203,0,EURCZK=X,EUR/CZK
2026-04-08 19:00:00+00:00,24.398000717163086,24.398000717163086,24.407100677490234,24.347000122070312,24.386999130249023,0,EURCZK=X,EUR/CZK
2026-04-08 20:00:00+00:00,24.358699798583984,24.358699798583984,24.401599884033203,24.326000213623047,24.390499114990234,0,EURCZK=X,EUR/CZK
2026-04-08 21:00:00+00:00,24.38479995727539,24.38479995727539,24.391300201416016,24.33799934387207,24.34000015258789,0,EURCZK=X,EUR/CZK
2026-04-08 22:00:00+00:00,24.356199264526367,24.356199264526367,24.393199920654297,24.356199264526367,24.3617000579834,0,EURCZK=X,EUR/CZK
2026-04-08 23:00:00+00:00,24.362499237060547,24.362499237060547,24.392799377441406,24.33799934387207,24.36199951171875,0,EURCZK=X,EUR/CZK
2026-04-09 00:00:00+00:00,24.374099731445312,24.374099731445312,24.394100189208984,24.33799934387207,24.36280059814453,0,EURCZK=X,EUR/CZK
2026-04-09 01:00:00+00:00,24.37540054321289,24.37540054321289,24.398799896240234,24.33799934387207,24.37540054321289,0,EURCZK=X,EUR/CZK
2026-04-09 02:00:00+00:00,24.375499725341797,24.375499725341797,24.397300720214844,24.37299919128418,24.37299919128418,0,EURCZK=X,EUR/CZK
2026-04-09 03:00:00+00:00,24.37649917602539,24.37649917602539,24.39739990234375,24.37299919128418,24.37540054321289,0,EURCZK=X,EUR/CZK
2026-04-09 04:00:00+00:00,24.33799934387207,24.33799934387207,24.39539909362793,24.334999084472656,24.37649917602539,0,EURCZK=X,EUR/CZK
2026-04-09 05:00:00+00:00,24.36359977722168,24.36359977722168,24.39389991760254,24.336999893188477,24.372499465942383,0,EURCZK=X,EUR/CZK
2026-04-09 06:00:00+00:00,24.38159942626953,24.38159942626953,24.403900146484375,24.32900047302246,24.362600326538086,0,EURCZK=X,EUR/CZK
2026-04-09 07:00:00+00:00,24.395999908447266,24.395999908447266,24.411500930786133,24.334999084472656,24.38159942626953,0,EURCZK=X,EUR/CZK
2026-04-09 08:00:00+00:00,24.40049934387207,24.40049934387207,24.417699813842773,24.347000122070312,24.395999908447266,0,EURCZK=X,EUR/CZK
2026-04-09 09:00:00+00:00,24.395000457763672,24.395000457763672,24.411100387573242,24.347000122070312,24.400999069213867,0,EURCZK=X,EUR/CZK
2026-04-09 10:00:00+00:00,24.398000717163086,24.398000717163086,24.40920066833496,24.347999572753906,24.395000457763672,0,EURCZK=X,EUR/CZK
2026-04-09 11:00:00+00:00,24.395999908447266,24.395999908447266,24.408300399780273,24.344999313354492,24.39699935913086,0,EURCZK=X,EUR/CZK
2026-04-09 12:00:00+00:00,24.395599365234375,24.395599365234375,24.40399932861328,24.347999572753906,24.395999908447266,0,EURCZK=X,EUR/CZK
2026-04-09 13:00:00+00:00,24.378000259399414,24.378000259399414,24.403099060058594,24.329999923706055,24.395599365234375,0,EURCZK=X,EUR/CZK
2026-04-09 14:00:00+00:00,24.37299919128418,24.37299919128418,24.394899368286133,24.32699966430664,24.37700080871582,0,EURCZK=X,EUR/CZK
2026-04-09 15:00:00+00:00,24.31999969482422,24.31999969482422,24.39299964904785,24.316999435424805,24.37299919128418,0,EURCZK=X,EUR/CZK
2026-04-09 16:00:00+00:00,24.364999771118164,24.364999771118164,24.378299713134766,24.31999969482422,24.361000061035156,0,EURCZK=X,EUR/CZK
2026-04-09 17:00:00+00:00,24.361000061035156,24.361000061035156,24.378799438476562,24.315000534057617,24.378799438476562,0,EURCZK=X,EUR/CZK
2026-04-09 18:00:00+00:00,24.36370086669922,24.36370086669922,24.37700080871582,24.316999435424805,24.360000610351562,0,EURCZK=X,EUR/CZK
2026-04-09 19:00:00+00:00,24.36370086669922,24.36370086669922,24.376100540161133,24.319000244140625,24.363500595092773,0,EURCZK=X,EUR/CZK
2026-04-09 20:00:00+00:00,24.322999954223633,24.322999954223633,24.375999450683594,24.319000244140625,24.363000869750977,0,EURCZK=X,EUR/CZK
2026-04-09 21:00:00+00:00,24.360000610351562,24.360000610351562,24.378999710083008,24.322999954223633,24.327999114990234,0,EURCZK=X,EUR/CZK
2026-04-09 22:00:00+00:00,24.36199951171875,24.36199951171875,24.375699996948242,24.358800888061523,24.36750030517578,0,EURCZK=X,EUR/CZK
2026-04-09 23:00:00+00:00,24.373199462890625,24.373199462890625,24.380399703979492,24.322999954223633,24.361000061035156,0,EURCZK=X,EUR/CZK
2026-04-10 00:00:00+00:00,24.364999771118164,24.364999771118164,24.37470054626465,24.322999954223633,24.36199951171875,0,EURCZK=X,EUR/CZK
2026-04-10 01:00:00+00:00,24.36400032043457,24.36400032043457,24.373300552368164,24.360000610351562,24.364999771118164,0,EURCZK=X,EUR/CZK
2026-04-10 02:00:00+00:00,24.36400032043457,24.36400032043457,24.377300262451172,24.363000869750977,24.366500854492188,0,EURCZK=X,EUR/CZK
2026-04-10 03:00:00+00:00,24.363000869750977,24.363000869750977,24.378700256347656,24.36199951171875,24.364900588989258,0,EURCZK=X,EUR/CZK
2026-04-10 04:00:00+00:00,24.3710994720459,24.3710994720459,24.376399993896484,24.35890007019043,24.36389923095703,0,EURCZK=X,EUR/CZK
2026-04-10 05:00:00+00:00,24.36400032043457,24.36400032043457,24.37820053100586,24.32200050354004,24.366199493408203,0,EURCZK=X,EUR/CZK
2026-04-10 06:00:00+00:00,24.371000289916992,24.371000289916992,24.38479995727539,24.325000762939453,24.36199951171875,0,EURCZK=X,EUR/CZK
2026-04-10 07:00:00+00:00,24.377300262451172,24.377300262451172,24.387300491333008,24.322999954223633,24.371999740600586,0,EURCZK=X,EUR/CZK
2026-04-10 08:00:00+00:00,24.36910057067871,24.36910057067871,24.378700256347656,24.292999267578125,24.377300262451172,0,EURCZK=X,EUR/CZK
2026-04-10 09:00:00+00:00,24.37350082397461,24.37350082397461,24.387100219726562,24.30900001525879,24.36910057067871,0,EURCZK=X,EUR/CZK
2026-04-10 10:00:00+00:00,24.365400314331055,24.365400314331055,24.385499954223633,24.31599998474121,24.37299919128418,0,EURCZK=X,EUR/CZK
2026-04-10 11:00:00+00:00,24.36009979248047,24.36009979248047,24.372400283813477,24.31100082397461,24.365400314331055,0,EURCZK=X,EUR/CZK
2026-04-10 12:00:00+00:00,24.36199951171875,24.36199951171875,24.37310028076172,24.30500030517578,24.36009979248047,0,EURCZK=X,EUR/CZK
2026-04-10 13:00:00+00:00,24.36199951171875,24.36199951171875,24.37689971923828,24.312999725341797,24.36199951171875,0,EURCZK=X,EUR/CZK
2026-04-10 14:00:00+00:00,24.369300842285156,24.369300842285156,24.382600784301758,24.31800079345703,24.363000869750977,0,EURCZK=X,EUR/CZK
2026-04-10 15:00:00+00:00,24.361099243164062,24.361099243164062,24.37660026550293,24.315000534057617,24.3700008392334,0,EURCZK=X,EUR/CZK
2026-04-10 16:00:00+00:00,24.363000869750977,24.363000869750977,24.37420082092285,24.319000244140625,24.358999252319336,0,EURCZK=X,EUR/CZK
2026-04-10 17:00:00+00:00,24.361400604248047,24.361400604248047,24.375699996948242,24.31999969482422,24.362300872802734,0,EURCZK=X,EUR/CZK
2026-04-10 18:00:00+00:00,24.36520004272461,24.36520004272461,24.37540054321289,24.31999969482422,24.36199951171875,0,EURCZK=X,EUR/CZK
2026-04-10 19:00:00+00:00,24.36549949645996,24.36549949645996,24.372699737548828,24.320999145507812,24.36520004272461,0,EURCZK=X,EUR/CZK
2026-04-10 20:00:00+00:00,24.36709976196289,24.36709976196289,24.37929916381836,24.320999145507812,24.36549949645996,0,EURCZK=X,EUR/CZK
2026-04-10 21:00:00+00:00,24.364500045776367,24.364500045776367,24.38800048828125,24.288000106811523,24.312999725341797,0,EURCZK=X,EUR/CZK
2026-04-12 23:00:00+00:00,24.356000900268555,24.356000900268555,24.37339973449707,24.34269905090332,24.3705997467041,0,EURCZK=X,EUR/CZK
2026-04-13 00:00:00+00:00,24.32200050354004,24.32200050354004,24.37649917602539,24.30699920654297,24.361000061035156,0,EURCZK=X,EUR/CZK
2026-04-13 01:00:00+00:00,24.36870002746582,24.36870002746582,24.3794002532959,24.32200050354004,24.322999954223633,0,EURCZK=X,EUR/CZK
2026-04-13 02:00:00+00:00,24.363000869750977,24.363000869750977,24.3799991607666,24.31999969482422,24.37310028076172,0,EURCZK=X,EUR/CZK
2026-04-13 03:00:00+00:00,24.36400032043457,24.36400032043457,24.375699996948242,24.31999969482422,24.363000869750977,0,EURCZK=X,EUR/CZK
2026-04-13 04:00:00+00:00,24.364999771118164,24.364999771118164,24.378999710083008,24.31999969482422,24.363399505615234,0,EURCZK=X,EUR/CZK
2026-04-13 05:00:00+00:00,24.36199951171875,24.36199951171875,24.37579917907715,24.32200050354004,24.364999771118164,0,EURCZK=X,EUR/CZK
2026-04-13 06:00:00+00:00,24.370100021362305,24.370100021362305,24.38159942626953,24.312999725341797,24.361000061035156,0,EURCZK=X,EUR/CZK
2026-04-13 07:00:00+00:00,24.365999221801758,24.365999221801758,24.37470054626465,24.312999725341797,24.326000213623047,0,EURCZK=X,EUR/CZK
2026-04-13 08:00:00+00:00,24.368000030517578,24.368000030517578,24.38050079345703,24.30500030517578,24.364999771118164,0,EURCZK=X,EUR/CZK
2026-04-13 09:00:00+00:00,24.375900268554688,24.375900268554688,24.38159942626953,24.322999954223633,24.368900299072266,0,EURCZK=X,EUR/CZK
2026-04-13 10:00:00+00:00,24.373699188232422,24.373699188232422,24.385400772094727,24.32200050354004,24.375900268554688,0,EURCZK=X,EUR/CZK
2026-04-13 11:00:00+00:00,24.37030029296875,24.37030029296875,24.381399154663086,24.319000244140625,24.373699188232422,0,EURCZK=X,EUR/CZK
2026-04-13 12:00:00+00:00,24.329999923706055,24.329999923706055,24.38909912109375,24.325000762939453,24.3700008392334,0,EURCZK=X,EUR/CZK
2026-04-13 13:00:00+00:00,24.3656005859375,24.3656005859375,24.385099411010742,24.319000244140625,24.375699996948242,0,EURCZK=X,EUR/CZK
2026-04-13 14:00:00+00:00,24.342500686645508,24.342500686645508,24.373199462890625,24.29400062561035,24.364999771118164,0,EURCZK=X,EUR/CZK
2026-04-13 15:00:00+00:00,24.339000701904297,24.339000701904297,24.35449981689453,24.291000366210938,24.342500686645508,0,EURCZK=X,EUR/CZK
2026-04-13 16:00:00+00:00,24.340299606323242,24.340299606323242,24.34939956665039,24.290000915527344,24.339000701904297,0,EURCZK=X,EUR/CZK
2026-04-13 17:00:00+00:00,24.361000061035156,24.361000061035156,24.37700080871582,24.309999465942383,24.340999603271484,0,EURCZK=X,EUR/CZK
2026-04-13 18:00:00+00:00,24.349700927734375,24.349700927734375,24.372400283813477,24.30900001525879,24.361799240112305,0,EURCZK=X,EUR/CZK
2026-04-13 19:00:00+00:00,24.35300064086914,24.35300064086914,24.36479949951172,24.30900001525879,24.35070037841797,0,EURCZK=X,EUR/CZK
2026-04-13 20:00:00+00:00,24.308000564575195,24.308000564575195,24.36359977722168,24.26799964904785,24.353200912475586,0,EURCZK=X,EUR/CZK
2026-04-13 21:00:00+00:00,24.344999313354492,24.344999313354492,24.363500595092773,24.329299926757812,24.35580062866211,0,EURCZK=X,EUR/CZK
2026-04-13 22:00:00+00:00,24.347000122070312,24.347000122070312,24.359899520874023,24.343799591064453,24.359899520874023,0,EURCZK=X,EUR/CZK
2026-04-13 23:00:00+00:00,24.34600067138672,24.34600067138672,24.361499786376953,24.3439998626709,24.360300064086914,0,EURCZK=X,EUR/CZK
2026-04-14 00:00:00+00:00,24.35099983215332,24.35099983215332,24.36440086364746,24.309999465942383,24.34819984436035,0,EURCZK=X,EUR/CZK
2026-04-14 01:00:00+00:00,24.309999465942383,24.309999465942383,24.365800857543945,24.30900001525879,24.358699798583984,0,EURCZK=X,EUR/CZK
2026-04-14 02:00:00+00:00,24.351999282836914,24.351999282836914,24.35930061340332,24.30900001525879,24.35140037536621,0,EURCZK=X,EUR/CZK
2026-04-14 03:00:00+00:00,24.35099983215332,24.35099983215332,24.36090087890625,24.30900001525879,24.35740089416504,0,EURCZK=X,EUR/CZK
2026-04-14 04:00:00+00:00,24.30900001525879,24.30900001525879,24.36090087890625,24.30900001525879,24.36090087890625,0,EURCZK=X,EUR/CZK
2026-04-14 05:00:00+00:00,24.30900001525879,24.30900001525879,24.368000030517578,24.305999755859375,24.357799530029297,0,EURCZK=X,EUR/CZK
2026-04-14 06:00:00+00:00,24.347000122070312,24.347000122070312,24.364099502563477,24.298999786376953,24.350000381469727,0,EURCZK=X,EUR/CZK
2026-04-14 07:00:00+00:00,24.349000930786133,24.349000930786133,24.361299514770508,24.29400062561035,24.346599578857422,0,EURCZK=X,EUR/CZK
2026-04-14 08:00:00+00:00,24.312000274658203,24.312000274658203,24.36210060119629,24.30299949645996,24.349000930786133,0,EURCZK=X,EUR/CZK
2026-04-14 09:00:00+00:00,24.354999542236328,24.354999542236328,24.36870002746582,24.30699920654297,24.360300064086914,0,EURCZK=X,EUR/CZK
2026-04-14 10:00:00+00:00,24.362600326538086,24.362600326538086,24.375999450683594,24.305999755859375,24.35460090637207,0,EURCZK=X,EUR/CZK
2026-04-14 11:00:00+00:00,24.34000015258789,24.34000015258789,24.36750030517578,24.297000885009766,24.362600326538086,0,EURCZK=X,EUR/CZK
2026-04-14 12:00:00+00:00,24.339399337768555,24.339399337768555,24.356199264526367,24.29400062561035,24.29599952697754,0,EURCZK=X,EUR/CZK
2026-04-14 13:00:00+00:00,24.32900047302246,24.32900047302246,24.344900131225586,24.284000396728516,24.340299606323242,0,EURCZK=X,EUR/CZK
2026-04-14 14:00:00+00:00,24.33300018310547,24.33300018310547,24.346500396728516,24.281999588012695,24.333099365234375,0,EURCZK=X,EUR/CZK
2026-04-14 15:00:00+00:00,24.335899353027344,24.335899353027344,24.340299606323242,24.2810001373291,24.33300018310547,0,EURCZK=X,EUR/CZK
2026-04-14 16:00:00+00:00,24.334999084472656,24.334999084472656,24.34950065612793,24.290000915527344,24.335899353027344,0,EURCZK=X,EUR/CZK
2026-04-14 17:00:00+00:00,24.334999084472656,24.334999084472656,24.347999572753906,24.291000366210938,24.340099334716797,0,EURCZK=X,EUR/CZK
2026-04-14 18:00:00+00:00,24.340999603271484,24.340999603271484,24.345500946044922,24.292999267578125,24.334999084472656,0,EURCZK=X,EUR/CZK
2026-04-14 19:00:00+00:00,24.29400062561035,24.29400062561035,24.354000091552734,24.292999267578125,24.345800399780273,0,EURCZK=X,EUR/CZK
2026-04-14 20:00:00+00:00,24.329999923706055,24.329999923706055,24.35300064086914,24.291000366210938,24.34040069580078,0,EURCZK=X,EUR/CZK
2026-04-14 21:00:00+00:00,24.332000732421875,24.332000732421875,24.344100952148438,24.292999267578125,24.3356990814209,0,EURCZK=X,EUR/CZK
2026-04-14 22:00:00+00:00,24.33300018310547,24.33300018310547,24.34670066833496,24.29400062561035,24.333999633789062,0,EURCZK=X,EUR/CZK
2026-04-14 23:00:00+00:00,24.332000732421875,24.332000732421875,24.343700408935547,24.330900192260742,24.340900421142578,0,EURCZK=X,EUR/CZK
2026-04-15 00:00:00+00:00,24.333900451660156,24.333900451660156,24.3439998626709,24.283000946044922,24.340099334716797,0,EURCZK=X,EUR/CZK
2026-04-15 01:00:00+00:00,24.332000732421875,24.332000732421875,24.343700408935547,24.290000915527344,24.34000015258789,0,EURCZK=X,EUR/CZK
2026-04-15 02:00:00+00:00,24.334199905395508,24.334199905395508,24.344499588012695,24.290000915527344,24.33880043029785,0,EURCZK=X,EUR/CZK
2026-04-15 03:00:00+00:00,24.33300018310547,24.33300018310547,24.347999572753906,24.291000366210938,24.332199096679688,0,EURCZK=X,EUR/CZK
2026-04-15 04:00:00+00:00,24.336999893188477,24.336999893188477,24.346500396728516,24.291000366210938,24.340900421142578,0,EURCZK=X,EUR/CZK
2026-04-15 05:00:00+00:00,24.326000213623047,24.326000213623047,24.347999572753906,24.288000106811523,24.347999572753906,0,EURCZK=X,EUR/CZK
2026-04-15 06:00:00+00:00,24.33799934387207,24.33799934387207,24.3439998626709,24.283000946044922,24.326000213623047,0,EURCZK=X,EUR/CZK
2026-04-15 07:00:00+00:00,24.35099983215332,24.35099983215332,24.3518009185791,24.288999557495117,24.33799934387207,0,EURCZK=X,EUR/CZK
2026-04-15 08:00:00+00:00,24.350000381469727,24.350000381469727,24.35810089111328,24.292999267578125,24.351499557495117,0,EURCZK=X,EUR/CZK
2026-04-15 09:00:00+00:00,24.35099983215332,24.35099983215332,24.360000610351562,24.30500030517578,24.350000381469727,0,EURCZK=X,EUR/CZK
2026-04-15 10:00:00+00:00,24.345600128173828,24.345600128173828,24.36009979248047,24.299999237060547,24.35099983215332,0,EURCZK=X,EUR/CZK
2026-04-15 11:00:00+00:00,24.349000930786133,24.349000930786133,24.363100051879883,24.301000595092773,24.345600128173828,0,EURCZK=X,EUR/CZK
2026-04-15 12:00:00+00:00,24.340999603271484,24.340999603271484,24.36750030517578,24.297000885009766,24.35420036315918,0,EURCZK=X,EUR/CZK
2026-04-15 13:00:00+00:00,24.33049964904785,24.33049964904785,24.3528995513916,24.28499984741211,24.340999603271484,0,EURCZK=X,EUR/CZK
2026-04-15 14:00:00+00:00,24.329999923706055,24.329999923706055,24.340299606323242,24.283000946044922,24.329999923706055,0,EURCZK=X,EUR/CZK
2026-04-15 15:00:00+00:00,24.322099685668945,24.322099685668945,24.335500717163086,24.277999877929688,24.33530044555664,0,EURCZK=X,EUR/CZK
2026-04-15 16:00:00+00:00,24.319000244140625,24.319000244140625,24.330799102783203,24.277000427246094,24.31999969482422,0,EURCZK=X,EUR/CZK
2026-04-15 17:00:00+00:00,24.32360076904297,24.32360076904297,24.335599899291992,24.277999877929688,24.332199096679688,0,EURCZK=X,EUR/CZK
2026-04-15 18:00:00+00:00,24.319000244140625,24.319000244140625,24.334400177001953,24.280000686645508,24.324600219726562,0,EURCZK=X,EUR/CZK
2026-04-15 19:00:00+00:00,24.31999969482422,24.31999969482422,24.333799362182617,24.277999877929688,24.326900482177734,0,EURCZK=X,EUR/CZK
2026-04-15 20:00:00+00:00,24.288999557495117,24.288999557495117,24.334199905395508,24.2810001373291,24.32699966430664,0,EURCZK=X,EUR/CZK
2026-04-15 21:00:00+00:00,24.319000244140625,24.319000244140625,24.346099853515625,24.290000915527344,24.290000915527344,0,EURCZK=X,EUR/CZK
2026-04-15 22:00:00+00:00,24.319000244140625,24.319000244140625,24.343799591064453,24.295000076293945,24.32979965209961,0,EURCZK=X,EUR/CZK
2026-04-15 23:00:00+00:00,24.31999969482422,24.31999969482422,24.343900680541992,24.268400192260742,24.341100692749023,0,EURCZK=X,EUR/CZK
2026-04-16 00:00:00+00:00,24.327999114990234,24.327999114990234,24.34079933166504,24.283000946044922,24.3351993560791,0,EURCZK=X,EUR/CZK
2026-04-16 01:00:00+00:00,24.325700759887695,24.325700759887695,24.338300704956055,24.283000946044922,24.32699966430664,0,EURCZK=X,EUR/CZK
2026-04-16 02:00:00+00:00,24.323999404907227,24.323999404907227,24.336999893188477,24.2810001373291,24.33180046081543,0,EURCZK=X,EUR/CZK
2026-04-16 03:00:00+00:00,24.322999954223633,24.322999954223633,24.33489990234375,24.280000686645508,24.323999404907227,0,EURCZK=X,EUR/CZK
2026-04-16 04:00:00+00:00,24.31999969482422,24.31999969482422,24.33340072631836,24.2810001373291,24.327699661254883,0,EURCZK=X,EUR/CZK
2026-04-16 05:00:00+00:00,24.319000244140625,24.319000244140625,24.332500457763672,24.280000686645508,24.329599380493164,0,EURCZK=X,EUR/CZK
2026-04-16 06:00:00+00:00,24.336000442504883,24.336000442504883,24.34440040588379,24.277000427246094,24.32819938659668,0,EURCZK=X,EUR/CZK
2026-04-16 07:00:00+00:00,24.341999053955078,24.341999053955078,24.35110092163086,24.288000106811523,24.33880043029785,0,EURCZK=X,EUR/CZK
2026-04-16 08:00:00+00:00,24.340999603271484,24.340999603271484,24.351299285888672,24.29199981689453,24.341999053955078,0,EURCZK=X,EUR/CZK
2026-04-16 09:00:00+00:00,24.344200134277344,24.344200134277344,24.354000091552734,24.29599952697754,24.340999603271484,0,EURCZK=X,EUR/CZK
2026-04-16 10:00:00+00:00,24.3439998626709,24.3439998626709,24.355600357055664,24.29199981689453,24.344200134277344,0,EURCZK=X,EUR/CZK
2026-04-16 11:00:00+00:00,24.340999603271484,24.340999603271484,24.34939956665039,24.27899932861328,24.34709930419922,0,EURCZK=X,EUR/CZK
2026-04-16 12:00:00+00:00,24.343000411987305,24.343000411987305,24.355100631713867,24.29400062561035,24.340999603271484,0,EURCZK=X,EUR/CZK
2026-04-16 13:00:00+00:00,24.295000076293945,24.295000076293945,24.351299285888672,24.275999069213867,24.343000411987305,0,EURCZK=X,EUR/CZK
2026-04-16 14:00:00+00:00,24.328500747680664,24.328500747680664,24.353099822998047,24.2810001373291,24.338300704956055,0,EURCZK=X,EUR/CZK
2026-04-16 15:00:00+00:00,24.281999588012695,24.281999588012695,24.345800399780273,24.273000717163086,24.328500747680664,0,EURCZK=X,EUR/CZK
2026-04-16 16:00:00+00:00,24.32200050354004,24.32200050354004,24.33690071105957,24.266000747680664,24.32539939880371,0,EURCZK=X,EUR/CZK
2026-04-16 17:00:00+00:00,24.322999954223633,24.322999954223633,24.33329963684082,24.281999588012695,24.32200050354004,0,EURCZK=X,EUR/CZK
2026-04-16 18:00:00+00:00,24.325199127197266,24.325199127197266,24.33639907836914,24.277999877929688,24.32200050354004,0,EURCZK=X,EUR/CZK
2026-04-16 19:00:00+00:00,24.273000717163086,24.273000717163086,24.338300704956055,24.270999908447266,24.324100494384766,0,EURCZK=X,EUR/CZK
2026-04-16 20:00:00+00:00,24.302000045776367,24.302000045776367,24.333599090576172,24.250499725341797,24.316999435424805,0,EURCZK=X,EUR/CZK
2026-04-16 21:00:00+00:00,24.301000595092773,24.301000595092773,24.32469940185547,24.27400016784668,24.29560089111328,0,EURCZK=X,EUR/CZK
2026-04-16 22:00:00+00:00,24.301000595092773,24.301000595092773,24.32430076599121,24.2987003326416,24.322099685668945,0,EURCZK=X,EUR/CZK
2026-04-16 23:00:00+00:00,24.31800079345703,24.31800079345703,24.329599380493164,24.271299362182617,24.301000595092773,0,EURCZK=X,EUR/CZK
2026-04-17 00:00:00+00:00,24.31399917602539,24.31399917602539,24.332599639892578,24.270000457763672,24.32699966430664,0,EURCZK=X,EUR/CZK
2026-04-17 01:00:00+00:00,24.31599998474121,24.31599998474121,24.328500747680664,24.270999908447266,24.31999969482422,0,EURCZK=X,EUR/CZK
2026-04-17 02:00:00+00:00,24.31599998474121,24.31599998474121,24.32819938659668,24.270999908447266,24.315000534057617,0,EURCZK=X,EUR/CZK
2026-04-17 03:00:00+00:00,24.316999435424805,24.316999435424805,24.328399658203125,24.27199935913086,24.31599998474121,0,EURCZK=X,EUR/CZK
2026-04-17 04:00:00+00:00,24.315000534057617,24.315000534057617,24.3262996673584,24.27199935913086,24.316999435424805,0,EURCZK=X,EUR/CZK
2026-04-17 05:00:00+00:00,24.320999145507812,24.320999145507812,24.33139991760254,24.27199935913086,24.32110023498535,0,EURCZK=X,EUR/CZK
2026-04-17 06:00:00+00:00,24.324100494384766,24.324100494384766,24.33639907836914,24.268999099731445,24.320999145507812,0,EURCZK=X,EUR/CZK
2026-04-17 07:00:00+00:00,24.316999435424805,24.316999435424805,24.344100952148438,24.273000717163086,24.325000762939453,0,EURCZK=X,EUR/CZK
2026-04-17 08:00:00+00:00,24.31399917602539,24.31399917602539,24.326099395751953,24.26799964904785,24.322399139404297,0,EURCZK=X,EUR/CZK
2026-04-17 09:00:00+00:00,24.31800079345703,24.31800079345703,24.32659912109375,24.264999389648438,24.31399917602539,0,EURCZK=X,EUR/CZK
2026-04-17 10:00:00+00:00,24.319000244140625,24.319000244140625,24.329599380493164,24.268999099731445,24.31800079345703,0,EURCZK=X,EUR/CZK
2026-04-17 11:00:00+00:00,24.312000274658203,24.312000274658203,24.323699951171875,24.263999938964844,24.322200775146484,0,EURCZK=X,EUR/CZK
2026-04-17 12:00:00+00:00,24.290599822998047,24.290599822998047,24.316999435424805,24.243000030517578,24.311500549316406,0,EURCZK=X,EUR/CZK
2026-04-17 13:00:00+00:00,24.277999877929688,24.277999877929688,24.29640007019043,24.229999542236328,24.291500091552734,0,EURCZK=X,EUR/CZK
2026-04-17 14:00:00+00:00,24.216999053955078,24.216999053955078,24.28070068359375,24.216999053955078,24.28070068359375,0,EURCZK=X,EUR/CZK
2026-04-17 15:00:00+00:00,24.264999389648438,24.264999389648438,24.28230094909668,24.21299934387207,24.26300048828125,0,EURCZK=X,EUR/CZK
2026-04-17 16:00:00+00:00,24.25119972229004,24.25119972229004,24.278600692749023,24.211000442504883,24.263999938964844,0,EURCZK=X,EUR/CZK
2026-04-17 17:00:00+00:00,24.261999130249023,24.261999130249023,24.27440071105957,24.212799072265625,24.252199172973633,0,EURCZK=X,EUR/CZK
2026-04-17 18:00:00+00:00,24.264999389648438,24.264999389648438,24.278200149536133,24.222000122070312,24.26889991760254,0,EURCZK=X,EUR/CZK
2026-04-17 19:00:00+00:00,24.265399932861328,24.265399932861328,24.277799606323242,24.222999572753906,24.272199630737305,0,EURCZK=X,EUR/CZK
2026-04-17 20:00:00+00:00,24.229000091552734,24.229000091552734,24.285499572753906,24.224000930786133,24.224000930786133,0,EURCZK=X,EUR/CZK
2026-04-17 21:00:00+00:00,24.275999069213867,24.275999069213867,24.275999069213867,24.226999282836914,24.273700714111328,0,EURCZK=X,EUR/CZK
2026-04-19 23:00:00+00:00,24.259300231933594,24.259300231933594,24.283899307250977,24.22800064086914,24.247800827026367,0,EURCZK=X,EUR/CZK
2026-04-20 00:00:00+00:00,24.27400016784668,24.27400016784668,24.290800094604492,24.224000930786133,24.267499923706055,0,EURCZK=X,EUR/CZK
2026-04-20 01:00:00+00:00,24.27359962463379,24.27359962463379,24.287099838256836,24.23200035095215,24.274700164794922,0,EURCZK=X,EUR/CZK
2026-04-20 02:00:00+00:00,24.27400016784668,24.27400016784668,24.283899307250977,24.23200035095215,24.273000717163086,0,EURCZK=X,EUR/CZK
2026-04-20 03:00:00+00:00,24.27400016784668,24.27400016784668,24.28700065612793,24.229999542236328,24.279199600219727,0,EURCZK=X,EUR/CZK
2026-04-20 04:00:00+00:00,24.273000717163086,24.273000717163086,24.283899307250977,24.229999542236328,24.283899307250977,0,EURCZK=X,EUR/CZK
2026-04-20 05:00:00+00:00,24.27400016784668,24.27400016784668,24.288000106811523,24.229999542236328,24.272499084472656,0,EURCZK=X,EUR/CZK
2026-04-20 06:00:00+00:00,24.281999588012695,24.281999588012695,24.286399841308594,24.229000091552734,24.27400016784668,0,EURCZK=X,EUR/CZK
2026-04-20 09:00:00+00:00,24.291200637817383,24.291200637817383,24.295299530029297,24.23699951171875,24.28350067138672,0,EURCZK=X,EUR/CZK
2026-04-20 10:00:00+00:00,24.27560043334961,24.27560043334961,24.29960060119629,24.229999542236328,24.291500091552734,0,EURCZK=X,EUR/CZK
2026-04-20 11:00:00+00:00,24.280000686645508,24.280000686645508,24.291900634765625,24.229000091552734,24.275999069213867,0,EURCZK=X,EUR/CZK
2026-04-20 12:00:00+00:00,24.284000396728516,24.284000396728516,24.297700881958008,24.235000610351562,24.281099319458008,0,EURCZK=X,EUR/CZK
2026-04-20 13:00:00+00:00,24.280000686645508,24.280000686645508,24.298099517822266,24.232999801635742,24.28350067138672,0,EURCZK=X,EUR/CZK
2026-04-20 14:00:00+00:00,24.28459930419922,24.28459930419922,24.290199279785156,24.235000610351562,24.279600143432617,0,EURCZK=X,EUR/CZK
2026-04-20 15:00:00+00:00,24.283000946044922,24.283000946044922,24.297399520874023,24.23699951171875,24.284700393676758,0,EURCZK=X,EUR/CZK
2026-04-20 16:00:00+00:00,24.286500930786133,24.286500930786133,24.295000076293945,24.23900032043457,24.283000946044922,0,EURCZK=X,EUR/CZK
2026-04-20 17:00:00+00:00,24.286500930786133,24.286500930786133,24.298599243164062,24.23900032043457,24.287200927734375,0,EURCZK=X,EUR/CZK
2026-04-20 18:00:00+00:00,24.28700065612793,24.28700065612793,24.298500061035156,24.240999221801758,24.286399841308594,0,EURCZK=X,EUR/CZK
2026-04-20 19:00:00+00:00,24.288000106811523,24.288000106811523,24.299800872802734,24.242000579833984,24.28730010986328,0,EURCZK=X,EUR/CZK
2026-04-20 20:00:00+00:00,24.274999618530273,24.274999618530273,24.301700592041016,24.21780014038086,24.284500122070312,0,EURCZK=X,EUR/CZK
2026-04-20 21:00:00+00:00,24.27199935913086,24.27199935913086,24.288999557495117,24.238000869750977,24.274999618530273,0,EURCZK=X,EUR/CZK
2026-04-20 22:00:00+00:00,24.274999618530273,24.274999618530273,24.286100387573242,24.26849937438965,24.27199935913086,0,EURCZK=X,EUR/CZK
2026-04-20 23:00:00+00:00,24.27549934387207,24.27549934387207,24.287500381469727,24.273300170898438,24.274499893188477,0,EURCZK=X,EUR/CZK
2026-04-21 00:00:00+00:00,24.276500701904297,24.276500701904297,24.28860092163086,24.27400016784668,24.27440071105957,0,EURCZK=X,EUR/CZK
2026-04-21 01:00:00+00:00,24.277000427246094,24.277000427246094,24.287799835205078,24.235000610351562,24.27549934387207,0,EURCZK=X,EUR/CZK
2026-04-21 02:00:00+00:00,24.277000427246094,24.277000427246094,24.28969955444336,24.236000061035156,24.276199340820312,0,EURCZK=X,EUR/CZK
2026-04-21 03:00:00+00:00,24.274999618530273,24.274999618530273,24.29050064086914,24.236000061035156,24.28499984741211,0,EURCZK=X,EUR/CZK
2026-04-21 04:00:00+00:00,24.277700424194336,24.277700424194336,24.287500381469727,24.274200439453125,24.283599853515625,0,EURCZK=X,EUR/CZK
2026-04-21 05:00:00+00:00,24.28019905090332,24.28019905090332,24.291400909423828,24.236000061035156,24.277000427246094,0,EURCZK=X,EUR/CZK
2026-04-21 06:00:00+00:00,24.291000366210938,24.291000366210938,24.2987003326416,24.23699951171875,24.281200408935547,0,EURCZK=X,EUR/CZK
2026-04-21 07:00:00+00:00,24.29450035095215,24.29450035095215,24.30699920654297,24.243000030517578,24.291000366210938,0,EURCZK=X,EUR/CZK
2026-04-21 08:00:00+00:00,24.291500091552734,24.291500091552734,24.305400848388672,24.246000289916992,24.29450035095215,0,EURCZK=X,EUR/CZK
2026-04-21 09:00:00+00:00,24.301000595092773,24.301000595092773,24.306800842285156,24.243999481201172,24.291500091552734,0,EURCZK=X,EUR/CZK
2026-04-21 10:00:00+00:00,24.291000366210938,24.291000366210938,24.308900833129883,24.2450008392334,24.301000595092773,0,EURCZK=X,EUR/CZK
2026-04-21 11:00:00+00:00,24.291500091552734,24.291500091552734,24.298799514770508,24.242000579833984,24.291000366210938,0,EURCZK=X,EUR/CZK
2026-04-21 12:00:00+00:00,24.308300018310547,24.308300018310547,24.31439971923828,24.246000289916992,24.292699813842773,0,EURCZK=X,EUR/CZK
2026-04-21 13:00:00+00:00,24.307199478149414,24.307199478149414,24.324199676513672,24.26099967956543,24.308300018310547,0,EURCZK=X,EUR/CZK
2026-04-21 14:00:00+00:00,24.266000747680664,24.266000747680664,24.316200256347656,24.246999740600586,24.30699920654297,0,EURCZK=X,EUR/CZK
2026-04-21 15:00:00+00:00,24.315500259399414,24.315500259399414,24.3218994140625,24.260000228881836,24.312000274658203,0,EURCZK=X,EUR/CZK
2026-04-21 16:00:00+00:00,24.3174991607666,24.3174991607666,24.32740020751953,24.264999389648438,24.315500259399414,0,EURCZK=X,EUR/CZK
2026-04-21 17:00:00+00:00,24.315000534057617,24.315000534057617,24.339799880981445,24.264999389648438,24.317100524902344,0,EURCZK=X,EUR/CZK
2026-04-21 18:00:00+00:00,24.308700561523438,24.308700561523438,24.327899932861328,24.270000457763672,24.31329917907715,0,EURCZK=X,EUR/CZK
2026-04-21 19:00:00+00:00,24.318500518798828,24.318500518798828,24.333099365234375,24.238399505615234,24.309999465942383,0,EURCZK=X,EUR/CZK
2026-04-21 20:00:00+00:00,24.280000686645508,24.280000686645508,24.333900451660156,24.26300048828125,24.319799423217773,0,EURCZK=X,EUR/CZK
2026-04-21 21:00:00+00:00,24.272499084472656,24.272499084472656,24.316099166870117,24.260099411010742,24.280000686645508,0,EURCZK=X,EUR/CZK
2026-04-21 22:00:00+00:00,24.28070068359375,24.28070068359375,24.32360076904297,24.264999389648438,24.271499633789062,0,EURCZK=X,EUR/CZK
2026-04-21 23:00:00+00:00,24.290599822998047,24.290599822998047,24.32390022277832,24.264999389648438,24.274999618530273,0,EURCZK=X,EUR/CZK
2026-04-22 00:00:00+00:00,24.31800079345703,24.31800079345703,24.326900482177734,24.257999420166016,24.291099548339844,0,EURCZK=X,EUR/CZK
2026-04-22 01:00:00+00:00,24.32200050354004,24.32200050354004,24.33489990234375,24.277000427246094,24.316200256347656,0,EURCZK=X,EUR/CZK
2026-04-22 02:00:00+00:00,24.28499984741211,24.28499984741211,24.340700149536133,24.27899932861328,24.320999145507812,0,EURCZK=X,EUR/CZK
2026-04-22 03:00:00+00:00,24.33209991455078,24.33209991455078,24.340700149536133,24.28499984741211,24.33009910583496,0,EURCZK=X,EUR/CZK
2026-04-22 04:00:00+00:00,24.333200454711914,24.333200454711914,24.343900680541992,24.288000106811523,24.332199096679688,0,EURCZK=X,EUR/CZK
2026-04-22 05:00:00+00:00,24.319700241088867,24.319700241088867,24.341999053955078,24.27899932861328,24.33329963684082,0,EURCZK=X,EUR/CZK
2026-04-22 06:00:00+00:00,24.322099685668945,24.322099685668945,24.32830047607422,24.26799964904785,24.319799423217773,0,EURCZK=X,EUR/CZK
2026-04-22 07:00:00+00:00,24.285999298095703,24.285999298095703,24.34040069580078,24.270000457763672,24.322099685668945,0,EURCZK=X,EUR/CZK
2026-04-22 08:00:00+00:00,24.338699340820312,24.338699340820312,24.34280014038086,24.2810001373291,24.33169937133789,0,EURCZK=X,EUR/CZK
2026-04-22 09:00:00+00:00,24.34480094909668,24.34480094909668,24.34760093688965,24.288999557495117,24.338699340820312,0,EURCZK=X,EUR/CZK
2026-04-22 10:00:00+00:00,24.334699630737305,24.334699630737305,24.35300064086914,24.288000106811523,24.34480094909668,0,EURCZK=X,EUR/CZK
2026-04-22 11:00:00+00:00,24.342100143432617,24.342100143432617,24.349000930786133,24.266000747680664,24.334699630737305,0,EURCZK=X,EUR/CZK
2026-04-22 12:00:00+00:00,24.347999572753906,24.347999572753906,24.358299255371094,24.292999267578125,24.342100143432617,0,EURCZK=X,EUR/CZK
2026-04-22 13:00:00+00:00,24.329500198364258,24.329500198364258,24.35930061340332,24.284000396728516,24.34749984741211,0,EURCZK=X,EUR/CZK
2026-04-22 14:00:00+00:00,24.33970069885254,24.33970069885254,24.346500396728516,24.27899932861328,24.329500198364258,0,EURCZK=X,EUR/CZK
2026-04-22 15:00:00+00:00,24.352100372314453,24.352100372314453,24.365800857543945,24.295000076293945,24.339000701904297,0,EURCZK=X,EUR/CZK
2026-04-22 16:00:00+00:00,24.358800888061523,24.358800888061523,24.369600296020508,24.308000564575195,24.352100372314453,0,EURCZK=X,EUR/CZK
2026-04-22 17:00:00+00:00,24.35700035095215,24.35700035095215,24.369699478149414,24.312000274658203,24.319900512695312,0,EURCZK=X,EUR/CZK
2026-04-22 18:00:00+00:00,24.35930061340332,24.35930061340332,24.369199752807617,24.312999725341797,24.35650062561035,0,EURCZK=X,EUR/CZK
2026-04-22 19:00:00+00:00,24.351600646972656,24.351600646972656,24.368799209594727,24.299999237060547,24.359699249267578,0,EURCZK=X,EUR/CZK
2026-04-22 20:00:00+00:00,24.277999877929688,24.277999877929688,24.36280059814453,24.274999618530273,24.351299285888672,0,EURCZK=X,EUR/CZK
2026-04-22 21:00:00+00:00,24.2810001373291,24.2810001373291,24.333599090576172,24.278799057006836,24.321300506591797,0,EURCZK=X,EUR/CZK
2026-04-22 22:00:00+00:00,24.345500946044922,24.345500946044922,24.34749984741211,24.277999877929688,24.2810001373291,0,EURCZK=X,EUR/CZK
2026-04-22 23:00:00+00:00,24.325000762939453,24.325000762939453,24.347200393676758,24.277999877929688,24.30660057067871,0,EURCZK=X,EUR/CZK
2026-04-23 00:00:00+00:00,24.329999923706055,24.329999923706055,24.34589958190918,24.2810001373291,24.325000762939453,0,EURCZK=X,EUR/CZK
2026-04-23 01:00:00+00:00,24.3439998626709,24.3439998626709,24.351699829101562,24.290000915527344,24.32900047302246,0,EURCZK=X,EUR/CZK
2026-04-23 02:00:00+00:00,24.350500106811523,24.350500106811523,24.35890007019043,24.302000045776367,24.3439998626709,0,EURCZK=X,EUR/CZK
2026-04-23 03:00:00+00:00,24.35770034790039,24.35770034790039,24.365400314331055,24.305999755859375,24.35070037841797,0,EURCZK=X,EUR/CZK
2026-04-23 04:00:00+00:00,24.357999801635742,24.357999801635742,24.36750030517578,24.354400634765625,24.35770034790039,0,EURCZK=X,EUR/CZK
2026-04-23 05:00:00+00:00,24.352500915527344,24.352500915527344,24.36639976501465,24.309999465942383,24.357500076293945,0,EURCZK=X,EUR/CZK
2026-04-23 06:00:00+00:00,24.36199951171875,24.36199951171875,24.37030029296875,24.304000854492188,24.351499557495117,0,EURCZK=X,EUR/CZK
2026-04-23 07:00:00+00:00,24.34760093688965,24.34760093688965,24.372699737548828,24.302000045776367,24.362300872802734,0,EURCZK=X,EUR/CZK
2026-04-23 08:00:00+00:00,24.368900299072266,24.368900299072266,24.371400833129883,24.302000045776367,24.347200393676758,0,EURCZK=X,EUR/CZK
2026-04-23 09:00:00+00:00,24.365999221801758,24.365999221801758,24.37689971923828,24.312999725341797,24.368900299072266,0,EURCZK=X,EUR/CZK
2026-04-23 10:00:00+00:00,24.355499267578125,24.355499267578125,24.37700080871582,24.31100082397461,24.365999221801758,0,EURCZK=X,EUR/CZK
2026-04-23 11:00:00+00:00,24.34760093688965,24.34760093688965,24.366300582885742,24.30299949645996,24.355499267578125,0,EURCZK=X,EUR/CZK
2026-04-23 12:00:00+00:00,24.351999282836914,24.351999282836914,24.36389923095703,24.301000595092773,24.346599578857422,0,EURCZK=X,EUR/CZK
2026-04-23 13:00:00+00:00,24.304000854492188,24.304000854492188,24.358699798583984,24.297000885009766,24.351999282836914,0,EURCZK=X,EUR/CZK
2026-04-23 14:00:00+00:00,24.347000122070312,24.347000122070312,24.35759925842285,24.297000885009766,24.349000930786133,0,EURCZK=X,EUR/CZK
2026-04-23 15:00:00+00:00,24.353500366210938,24.353500366210938,24.36720085144043,24.297000885009766,24.347000122070312,0,EURCZK=X,EUR/CZK
2026-04-23 16:00:00+00:00,24.348499298095703,24.348499298095703,24.361600875854492,24.302000045776367,24.354299545288086,0,EURCZK=X,EUR/CZK
2026-04-23 17:00:00+00:00,24.312000274658203,24.312000274658203,24.376100540161133,24.300100326538086,24.348499298095703,0,EURCZK=X,EUR/CZK
2026-04-23 18:00:00+00:00,24.319000244140625,24.319000244140625,24.3656005859375,24.298999786376953,24.312999725341797,0,EURCZK=X,EUR/CZK
2026-04-23 19:00:00+00:00,24.36199951171875,24.36199951171875,24.373300552368164,24.315000534057617,24.31999969482422,0,EURCZK=X,EUR/CZK
2026-04-23 20:00:00+00:00,24.312999725341797,24.312999725341797,24.372100830078125,24.29290008544922,24.361000061035156,0,EURCZK=X,EUR/CZK
2026-04-23 21:00:00+00:00,24.326000213623047,24.326000213623047,24.367900848388672,24.312999725341797,24.339500427246094,0,EURCZK=X,EUR/CZK
2026-04-23 22:00:00+00:00,24.329999923706055,24.329999923706055,24.366300582885742,24.312999725341797,24.326000213623047,0,EURCZK=X,EUR/CZK
2026-04-23 23:00:00+00:00,24.33489990234375,24.33489990234375,24.36840057373047,24.32550048828125,24.32659912109375,0,EURCZK=X,EUR/CZK
2026-04-24 00:00:00+00:00,24.35449981689453,24.35449981689453,24.365100860595703,24.301000595092773,24.33300018310547,0,EURCZK=X,EUR/CZK
2026-04-24 01:00:00+00:00,24.35580062866211,24.35580062866211,24.365999221801758,24.312000274658203,24.355100631713867,0,EURCZK=X,EUR/CZK
2026-04-24 02:00:00+00:00,24.357999801635742,24.357999801635742,24.369800567626953,24.312000274658203,24.35540008544922,0,EURCZK=X,EUR/CZK
2026-04-24 03:00:00+00:00,24.35689926147461,24.35689926147461,24.369800567626953,24.35689926147461,24.35740089416504,0,EURCZK=X,EUR/CZK
2026-04-24 04:00:00+00:00,24.356000900268555,24.356000900268555,24.36949920654297,24.31399917602539,24.357500076293945,0,EURCZK=X,EUR/CZK
2026-04-24 05:00:00+00:00,24.35849952697754,24.35849952697754,24.372600555419922,24.31399917602539,24.35650062561035,0,EURCZK=X,EUR/CZK
2026-04-24 06:00:00+00:00,24.35449981689453,24.35449981689453,24.363500595092773,24.304000854492188,24.358999252319336,0,EURCZK=X,EUR/CZK
2026-04-24 07:00:00+00:00,24.35300064086914,24.35300064086914,24.364999771118164,24.30900001525879,24.353700637817383,0,EURCZK=X,EUR/CZK
2026-04-24 08:00:00+00:00,24.364500045776367,24.364500045776367,24.370500564575195,24.30900001525879,24.35449981689453,0,EURCZK=X,EUR/CZK
2026-04-24 09:00:00+00:00,24.37019920349121,24.37019920349121,24.378299713134766,24.31800079345703,24.36400032043457,0,EURCZK=X,EUR/CZK
2026-04-24 10:00:00+00:00,24.37070083618164,24.37070083618164,24.377399444580078,24.32200050354004,24.37019920349121,0,EURCZK=X,EUR/CZK
2026-04-24 11:00:00+00:00,24.365999221801758,24.365999221801758,24.38170051574707,24.30500030517578,24.37070083618164,0,EURCZK=X,EUR/CZK
2026-04-24 12:00:00+00:00,24.371700286865234,24.371700286865234,24.385700225830078,24.315000534057617,24.365999221801758,0,EURCZK=X,EUR/CZK
2026-04-24 13:00:00+00:00,24.37700080871582,24.37700080871582,24.38089942932129,24.312999725341797,24.371999740600586,0,EURCZK=X,EUR/CZK
2026-04-24 14:00:00+00:00,24.31999969482422,24.31999969482422,24.387300491333008,24.319000244140625,24.37700080871582,0,EURCZK=X,EUR/CZK
2026-04-24 15:00:00+00:00,24.358999252319336,24.358999252319336,24.382600784301758,24.312999725341797,24.366100311279297,0,EURCZK=X,EUR/CZK
2026-04-24 16:00:00+00:00,24.359500885009766,24.359500885009766,24.374300003051758,24.308000564575195,24.358999252319336,0,EURCZK=X,EUR/CZK
2026-04-24 17:00:00+00:00,24.3656005859375,24.3656005859375,24.37299919128418,24.31599998474121,24.359500885009766,0,EURCZK=X,EUR/CZK
2026-04-24 18:00:00+00:00,24.358999252319336,24.358999252319336,24.372600555419922,24.31599998474121,24.36090087890625,0,EURCZK=X,EUR/CZK
2026-04-24 19:00:00+00:00,24.352500915527344,24.352500915527344,24.37190055847168,24.298999786376953,24.36479949951172,0,EURCZK=X,EUR/CZK
2026-04-24 20:00:00+00:00,24.288000106811523,24.288000106811523,24.368999481201172,24.27899932861328,24.352500915527344,0,EURCZK=X,EUR/CZK
2026-04-24 21:00:00+00:00,24.315399169921875,24.315399169921875,24.321699142456055,24.229000091552734,24.273000717163086,0,EURCZK=X,EUR/CZK
2026-04-24 22:00:00+00:00,24.315399169921875,24.315399169921875,24.315399169921875,24.315399169921875,24.315399169921875,0,EURCZK=X,EUR/CZK
2026-04-26 23:00:00+00:00,24.33930015563965,24.33930015563965,24.34600067138672,24.283000946044922,24.32699966430664,0,EURCZK=X,EUR/CZK
2026-04-27 00:00:00+00:00,24.350000381469727,24.350000381469727,24.3518009185791,24.30699920654297,24.339000701904297,0,EURCZK=X,EUR/CZK
2026-04-27 01:00:00+00:00,24.34149932861328,24.34149932861328,24.350000381469727,24.30299949645996,24.348600387573242,0,EURCZK=X,EUR/CZK
2026-04-27 02:00:00+00:00,24.340499877929688,24.340499877929688,24.343299865722656,24.299999237060547,24.340599060058594,0,EURCZK=X,EUR/CZK
2026-04-27 03:00:00+00:00,24.341699600219727,24.341699600219727,24.342199325561523,24.33300018310547,24.340999603271484,0,EURCZK=X,EUR/CZK
2026-04-27 04:00:00+00:00,24.341999053955078,24.341999053955078,24.34269905090332,24.298999786376953,24.340999603271484,0,EURCZK=X,EUR/CZK
2026-04-27 05:00:00+00:00,24.34119987487793,24.34119987487793,24.347299575805664,24.301000595092773,24.34149932861328,0,EURCZK=X,EUR/CZK
2026-04-27 06:00:00+00:00,24.351999282836914,24.351999282836914,24.363300323486328,24.301000595092773,24.341999053955078,0,EURCZK=X,EUR/CZK
2026-04-27 07:00:00+00:00,24.367599487304688,24.367599487304688,24.37030029296875,24.305999755859375,24.351999282836914,0,EURCZK=X,EUR/CZK
2026-04-27 08:00:00+00:00,24.35300064086914,24.35300064086914,24.3700008392334,24.301000595092773,24.368000030517578,0,EURCZK=X,EUR/CZK
2026-04-27 09:00:00+00:00,24.341699600219727,24.341699600219727,24.357200622558594,24.291000366210938,24.35300064086914,0,EURCZK=X,EUR/CZK
2026-04-27 10:00:00+00:00,24.340999603271484,24.340999603271484,24.3533992767334,24.29400062561035,24.34119987487793,0,EURCZK=X,EUR/CZK
2026-04-27 11:00:00+00:00,24.35449981689453,24.35449981689453,24.35580062866211,24.292999267578125,24.341100692749023,0,EURCZK=X,EUR/CZK
2026-04-27 12:00:00+00:00,24.354000091552734,24.354000091552734,24.358400344848633,24.299999237060547,24.35569953918457,0,EURCZK=X,EUR/CZK
2026-04-27 13:00:00+00:00,24.35140037536621,24.35140037536621,24.359600067138672,24.30500030517578,24.354000091552734,0,EURCZK=X,EUR/CZK
2026-04-27 14:00:00+00:00,24.34469985961914,24.34469985961914,24.35449981689453,24.292999267578125,24.350900650024414,0,EURCZK=X,EUR/CZK
2026-04-27 15:00:00+00:00,24.34600067138672,24.34600067138672,24.353300094604492,24.29800033569336,24.34469985961914,0,EURCZK=X,EUR/CZK
2026-04-27 16:00:00+00:00,24.35099983215332,24.35099983215332,24.352399826049805,24.30299949645996,24.345500946044922,0,EURCZK=X,EUR/CZK
2026-04-27 17:00:00+00:00,24.33799934387207,24.33799934387207,24.3533992767334,24.302000045776367,24.34950065612793,0,EURCZK=X,EUR/CZK
2026-04-27 18:00:00+00:00,24.34749984741211,24.34749984741211,24.34950065612793,24.304000854492188,24.347000122070312,0,EURCZK=X,EUR/CZK
2026-04-27 19:00:00+00:00,24.35099983215332,24.35099983215332,24.351299285888672,24.302000045776367,24.347999572753906,0,EURCZK=X,EUR/CZK
2026-04-27 20:00:00+00:00,24.319000244140625,24.319000244140625,24.353900909423828,24.267499923706055,24.351299285888672,0,EURCZK=X,EUR/CZK
2026-04-27 21:00:00+00:00,24.32900047302246,24.32900047302246,24.35700035095215,24.30500030517578,24.320999145507812,0,EURCZK=X,EUR/CZK
2026-04-27 22:00:00+00:00,24.34149932861328,24.34149932861328,24.34269905090332,24.326000213623047,24.329099655151367,0,EURCZK=X,EUR/CZK
2026-04-27 23:00:00+00:00,24.3439998626709,24.3439998626709,24.345500946044922,24.299999237060547,24.34269905090332,0,EURCZK=X,EUR/CZK
2026-04-28 00:00:00+00:00,24.347000122070312,24.347000122070312,24.34950065612793,24.30299949645996,24.3435001373291,0,EURCZK=X,EUR/CZK
2026-04-28 01:00:00+00:00,24.353500366210938,24.353500366210938,24.35449981689453,24.30299949645996,24.346399307250977,0,EURCZK=X,EUR/CZK
2026-04-28 02:00:00+00:00,24.352500915527344,24.352500915527344,24.353900909423828,24.30500030517578,24.35300064086914,0,EURCZK=X,EUR/CZK
2026-04-28 03:00:00+00:00,24.343000411987305,24.343000411987305,24.35219955444336,24.305999755859375,24.35219955444336,0,EURCZK=X,EUR/CZK
2026-04-28 04:00:00+00:00,24.351999282836914,24.351999282836914,24.352500915527344,24.305999755859375,24.350500106811523,0,EURCZK=X,EUR/CZK
2026-04-28 05:00:00+00:00,24.347000122070312,24.347000122070312,24.358999252319336,24.30699920654297,24.351299285888672,0,EURCZK=X,EUR/CZK
2026-04-28 06:00:00+00:00,24.36750030517578,24.36750030517578,24.370100021362305,24.305999755859375,24.35700035095215,0,EURCZK=X,EUR/CZK
2026-04-28 07:00:00+00:00,24.364999771118164,24.364999771118164,24.37299919128418,24.315000534057617,24.368000030517578,0,EURCZK=X,EUR/CZK
2026-04-28 08:00:00+00:00,24.364599227905273,24.364599227905273,24.368099212646484,24.316999435424805,24.364999771118164,0,EURCZK=X,EUR/CZK
2026-04-28 09:00:00+00:00,24.366500854492188,24.366500854492188,24.37350082397461,24.316999435424805,24.364599227905273,0,EURCZK=X,EUR/CZK
2026-04-28 10:00:00+00:00,24.36680030822754,24.36680030822754,24.374099731445312,24.319000244140625,24.366500854492188,0,EURCZK=X,EUR/CZK
2026-04-28 11:00:00+00:00,24.37150001525879,24.37150001525879,24.377500534057617,24.31999969482422,24.36709976196289,0,EURCZK=X,EUR/CZK
2026-04-28 12:00:00+00:00,24.352500915527344,24.352500915527344,24.374099731445312,24.308000564575195,24.37150001525879,0,EURCZK=X,EUR/CZK
2026-04-28 13:00:00+00:00,24.345500946044922,24.345500946044922,24.358400344848633,24.299999237060547,24.352500915527344,0,EURCZK=X,EUR/CZK
2026-04-28 14:00:00+00:00,24.364700317382812,24.364700317382812,24.365699768066406,24.297000885009766,24.345500946044922,0,EURCZK=X,EUR/CZK
2026-04-28 15:00:00+00:00,24.354999542236328,24.354999542236328,24.364700317382812,24.30299949645996,24.364700317382812,0,EURCZK=X,EUR/CZK
2026-04-28 16:00:00+00:00,24.357999801635742,24.357999801635742,24.358699798583984,24.31399917602539,24.35449981689453,0,EURCZK=X,EUR/CZK
2026-04-28 17:00:00+00:00,24.35849952697754,24.35849952697754,24.359399795532227,24.312000274658203,24.35849952697754,0,EURCZK=X,EUR/CZK
2026-04-28 18:00:00+00:00,24.360700607299805,24.360700607299805,24.360700607299805,24.31399917602539,24.35849952697754,0,EURCZK=X,EUR/CZK
2026-04-28 19:00:00+00:00,24.357999801635742,24.357999801635742,24.360700607299805,24.312999725341797,24.360700607299805,0,EURCZK=X,EUR/CZK
2026-04-28 20:00:00+00:00,24.30900001525879,24.30900001525879,24.35919952392578,24.30900001525879,24.357500076293945,0,EURCZK=X,EUR/CZK
2026-04-28 21:00:00+00:00,24.344999313354492,24.344999313354492,24.347999572753906,24.323999404907227,24.3356990814209,0,EURCZK=X,EUR/CZK
2026-04-28 22:00:00+00:00,24.347000122070312,24.347000122070312,24.348100662231445,24.334999084472656,24.3439998626709,0,EURCZK=X,EUR/CZK
2026-04-28 23:00:00+00:00,24.3439998626709,24.3439998626709,24.34950065612793,24.343000411987305,24.3439998626709,0,EURCZK=X,EUR/CZK
2026-04-29 00:00:00+00:00,24.352500915527344,24.352500915527344,24.360000610351562,24.30900001525879,24.347999572753906,0,EURCZK=X,EUR/CZK
2026-04-29 01:00:00+00:00,24.349000930786133,24.349000930786133,24.357500076293945,24.309999465942383,24.352100372314453,0,EURCZK=X,EUR/CZK
2026-04-29 02:00:00+00:00,24.355100631713867,24.355100631713867,24.355199813842773,24.344999313354492,24.35460090637207,0,EURCZK=X,EUR/CZK
2026-04-29 03:00:00+00:00,24.31100082397461,24.31100082397461,24.35740089416504,24.309999465942383,24.354799270629883,0,EURCZK=X,EUR/CZK
2026-04-29 04:00:00+00:00,24.356000900268555,24.356000900268555,24.35810089111328,24.31100082397461,24.356300354003906,0,EURCZK=X,EUR/CZK
2026-04-29 05:00:00+00:00,24.347999572753906,24.347999572753906,24.3612003326416,24.312999725341797,24.357200622558594,0,EURCZK=X,EUR/CZK
2026-04-29 06:00:00+00:00,24.35610008239746,24.35610008239746,24.361499786376953,24.305999755859375,24.35849952697754,0,EURCZK=X,EUR/CZK
2026-04-29 07:00:00+00:00,24.31399917602539,24.31399917602539,24.364099502563477,24.302000045776367,24.35650062561035,0,EURCZK=X,EUR/CZK
2026-04-29 08:00:00+00:00,24.36870002746582,24.36870002746582,24.375,24.31100082397461,24.357999801635742,0,EURCZK=X,EUR/CZK
2026-04-29 09:00:00+00:00,24.374500274658203,24.374500274658203,24.37969970703125,24.322999954223633,24.36870002746582,0,EURCZK=X,EUR/CZK
2026-04-29 10:00:00+00:00,24.368499755859375,24.368499755859375,24.375999450683594,24.320999145507812,24.375099182128906,0,EURCZK=X,EUR/CZK
2026-04-29 11:00:00+00:00,24.376699447631836,24.376699447631836,24.37779998779297,24.32200050354004,24.368499755859375,0,EURCZK=X,EUR/CZK
2026-04-29 12:00:00+00:00,24.38640022277832,24.38640022277832,24.387699127197266,24.327999114990234,24.376699447631836,0,EURCZK=X,EUR/CZK
2026-04-29 13:00:00+00:00,24.38949966430664,24.38949966430664,24.40049934387207,24.34000015258789,24.38599967956543,0,EURCZK=X,EUR/CZK
2026-04-29 14:00:00+00:00,24.3882999420166,24.3882999420166,24.394100189208984,24.33300018310547,24.39080047607422,0,EURCZK=X,EUR/CZK
2026-04-29 15:00:00+00:00,24.38319969177246,24.38319969177246,24.394500732421875,24.339000701904297,24.3882999420166,0,EURCZK=X,EUR/CZK
2026-04-29 16:00:00+00:00,24.37649917602539,24.37649917602539,24.38599967956543,24.33300018310547,24.38319969177246,0,EURCZK=X,EUR/CZK
2026-04-29 17:00:00+00:00,24.368000030517578,24.368000030517578,24.3789005279541,24.332000732421875,24.375999450683594,0,EURCZK=X,EUR/CZK
2026-04-29 18:00:00+00:00,24.381000518798828,24.381000518798828,24.38319969177246,24.333999633789062,24.36949920654297,0,EURCZK=X,EUR/CZK
2026-04-29 19:00:00+00:00,24.384000778198242,24.384000778198242,24.38610076904297,24.336999893188477,24.38050079345703,0,EURCZK=X,EUR/CZK
2026-04-29 20:00:00+00:00,24.363000869750977,24.363000869750977,24.384700775146484,24.301300048828125,24.384199142456055,0,EURCZK=X,EUR/CZK
2026-04-29 21:00:00+00:00,24.367000579833984,24.367000579833984,24.37969970703125,24.334999084472656,24.334999084472656,0,EURCZK=X,EUR/CZK
2026-04-29 22:00:00+00:00,24.371400833129883,24.371400833129883,24.371999740600586,24.358800888061523,24.358999252319336,0,EURCZK=X,EUR/CZK
2026-04-29 23:00:00+00:00,24.371999740600586,24.371999740600586,24.375,24.368000030517578,24.371400833129883,0,EURCZK=X,EUR/CZK
2026-04-30 00:00:00+00:00,24.3700008392334,24.3700008392334,24.377399444580078,24.368000030517578,24.375,0,EURCZK=X,EUR/CZK
2026-04-30 01:00:00+00:00,24.378000259399414,24.378000259399414,24.379499435424805,24.333999633789062,24.375699996948242,0,EURCZK=X,EUR/CZK
2026-04-30 02:00:00+00:00,24.378599166870117,24.378599166870117,24.379499435424805,24.368999481201172,24.37820053100586,0,EURCZK=X,EUR/CZK
2026-04-30 03:00:00+00:00,24.38010025024414,24.38010025024414,24.38050079345703,24.334999084472656,24.378700256347656,0,EURCZK=X,EUR/CZK
2026-04-30 04:00:00+00:00,24.397300720214844,24.397300720214844,24.39859962463379,24.336999893188477,24.37969970703125,0,EURCZK=X,EUR/CZK
2026-04-30 05:00:00+00:00,24.39620018005371,24.39620018005371,24.398000717163086,24.35099983215332,24.398000717163086,0,EURCZK=X,EUR/CZK
2026-04-30 06:00:00+00:00,24.394500732421875,24.394500732421875,24.413000106811523,24.349000930786133,24.3971004486084,0,EURCZK=X,EUR/CZK
2026-04-30 07:00:00+00:00,24.378299713134766,24.378299713134766,24.3976993560791,24.329999923706055,24.395299911499023,0,EURCZK=X,EUR/CZK
2026-04-30 08:00:00+00:00,24.370500564575195,24.370500564575195,24.38629913330078,24.31800079345703,24.33300018310547,0,EURCZK=X,EUR/CZK
2026-04-30 09:00:00+00:00,24.364200592041016,24.364200592041016,24.372499465942383,24.31399917602539,24.370500564575195,0,EURCZK=X,EUR/CZK
2026-04-30 10:00:00+00:00,24.368000030517578,24.368000030517578,24.372699737548828,24.315000534057617,24.31800079345703,0,EURCZK=X,EUR/CZK
2026-04-30 11:00:00+00:00,24.364599227905273,24.364599227905273,24.3710994720459,24.31399917602539,24.36829948425293,0,EURCZK=X,EUR/CZK
2026-04-30 12:00:00+00:00,24.36199951171875,24.36199951171875,24.367799758911133,24.30699920654297,24.364599227905273,0,EURCZK=X,EUR/CZK
2026-04-30 13:00:00+00:00,24.355899810791016,24.355899810791016,24.367000579833984,24.30900001525879,24.36199951171875,0,EURCZK=X,EUR/CZK
2026-04-30 14:00:00+00:00,24.36440086364746,24.36440086364746,24.373699188232422,24.299999237060547,24.356000900268555,0,EURCZK=X,EUR/CZK
2026-04-30 15:00:00+00:00,24.38949966430664,24.38949966430664,24.38949966430664,24.315000534057617,24.363500595092773,0,EURCZK=X,EUR/CZK
2026-04-30 16:00:00+00:00,24.386499404907227,24.386499404907227,24.38960075378418,24.341999053955078,24.38949966430664,0,EURCZK=X,EUR/CZK
2026-04-30 17:00:00+00:00,24.382999420166016,24.382999420166016,24.387500762939453,24.340999603271484,24.385499954223633,0,EURCZK=X,EUR/CZK
2026-04-30 18:00:00+00:00,24.37689971923828,24.37689971923828,24.38450050354004,24.332000732421875,24.382999420166016,0,EURCZK=X,EUR/CZK
2026-04-30 19:00:00+00:00,24.377500534057617,24.377500534057617,24.377500534057617,24.2992000579834,24.375999450683594,0,EURCZK=X,EUR/CZK
2026-04-30 20:00:00+00:00,24.347999572753906,24.347999572753906,24.379499435424805,24.347999572753906,24.378000259399414,0,EURCZK=X,EUR/CZK
2026-04-30 21:00:00+00:00,24.378999710083008,24.378999710083008,24.381000518798828,24.344999313354492,24.359500885009766,0,EURCZK=X,EUR/CZK
2026-04-30 22:00:00+00:00,24.381000518798828,24.381000518798828,24.382699966430664,24.36199951171875,24.368999481201172,0,EURCZK=X,EUR/CZK
2026-04-30 23:00:00+00:00,24.37070083618164,24.37070083618164,24.384599685668945,24.334999084472656,24.382699966430664,0,EURCZK=X,EUR/CZK
2026-05-01 00:00:00+00:00,24.371000289916992,24.371000289916992,24.37649917602539,24.368000030517578,24.371700286865234,0,EURCZK=X,EUR/CZK
2026-05-01 01:00:00+00:00,24.372699737548828,24.372699737548828,24.372699737548828,24.368999481201172,24.371000289916992,0,EURCZK=X,EUR/CZK
2026-05-01 02:00:00+00:00,24.371000289916992,24.371000289916992,24.383699417114258,24.368999481201172,24.371700286865234,0,EURCZK=X,EUR/CZK
2026-05-01 03:00:00+00:00,24.37150001525879,24.37150001525879,24.372699737548828,24.367000579833984,24.370500564575195,0,EURCZK=X,EUR/CZK
2026-05-01 04:00:00+00:00,24.372699737548828,24.372699737548828,24.373699188232422,24.356000900268555,24.368999481201172,0,EURCZK=X,EUR/CZK
2026-05-01 05:00:00+00:00,24.371999740600586,24.371999740600586,24.373699188232422,24.358999252319336,24.37019920349121,0,EURCZK=X,EUR/CZK
2026-05-01 06:00:00+00:00,24.37700080871582,24.37700080871582,24.392000198364258,24.32900047302246,24.37220001220703,0,EURCZK=X,EUR/CZK
2026-05-01 07:00:00+00:00,24.389299392700195,24.389299392700195,24.394100189208984,24.325000762939453,24.378000259399414,0,EURCZK=X,EUR/CZK
2026-05-01 08:00:00+00:00,24.383100509643555,24.383100509643555,24.39150047302246,24.336999893188477,24.389400482177734,0,EURCZK=X,EUR/CZK
2026-05-01 09:00:00+00:00,24.38610076904297,24.38610076904297,24.391000747680664,24.334999084472656,24.383100509643555,0,EURCZK=X,EUR/CZK
2026-05-01 10:00:00+00:00,24.382400512695312,24.382400512695312,24.38719940185547,24.33099937438965,24.38610076904297,0,EURCZK=X,EUR/CZK
2026-05-01 11:00:00+00:00,24.374000549316406,24.374000549316406,24.384000778198242,24.32900047302246,24.381999969482422,0,EURCZK=X,EUR/CZK
2026-05-01 12:00:00+00:00,24.378999710083008,24.378999710083008,24.383100509643555,24.322999954223633,24.374000549316406,0,EURCZK=X,EUR/CZK
2026-05-01 13:00:00+00:00,24.36199951171875,24.36199951171875,24.38330078125,24.325000762939453,24.378999710083008,0,EURCZK=X,EUR/CZK
2026-05-01 14:00:00+00:00,24.31999969482422,24.31999969482422,24.371999740600586,24.31800079345703,24.361000061035156,0,EURCZK=X,EUR/CZK
2026-05-01 15:00:00+00:00,24.365299224853516,24.365299224853516,24.37150001525879,24.31800079345703,24.365800857543945,0,EURCZK=X,EUR/CZK
2026-05-01 16:00:00+00:00,24.36389923095703,24.36389923095703,24.36720085144043,24.32200050354004,24.364900588989258,0,EURCZK=X,EUR/CZK
2026-05-01 17:00:00+00:00,24.364700317382812,24.364700317382812,24.36750030517578,24.32200050354004,24.36400032043457,0,EURCZK=X,EUR/CZK
2026-05-01 18:00:00+00:00,24.352100372314453,24.352100372314453,24.36590003967285,24.312999725341797,24.36210060119629,0,EURCZK=X,EUR/CZK
2026-05-01 19:00:00+00:00,24.354000091552734,24.354000091552734,24.359100341796875,24.27790069580078,24.352100372314453,0,EURCZK=X,EUR/CZK
2026-05-01 20:00:00+00:00,24.327999114990234,24.327999114990234,24.359500885009766,24.309900283813477,24.353900909423828,0,EURCZK=X,EUR/CZK
2026-05-01 21:00:00+00:00,24.325000762939453,24.325000762939453,24.325000762939453,24.290000915527344,24.290000915527344,0,EURCZK=X,EUR/CZK
